-- MySQL dump 10.13  Distrib 8.0.37, for Win64 (x86_64)
--
-- Host:     Database: farmer
-- ------------------------------------------------------
-- Server version	8.0.37

/*!40101 SET @OLD_CHARACTER_SET_CLIENT=@@CHARACTER_SET_CLIENT */;
/*!40101 SET @OLD_CHARACTER_SET_RESULTS=@@CHARACTER_SET_RESULTS */;
/*!40101 SET @OLD_COLLATION_CONNECTION=@@COLLATION_CONNECTION */;
/*!50503 SET NAMES utf8mb4 */;
/*!40103 SET @OLD_TIME_ZONE=@@TIME_ZONE */;
/*!40103 SET TIME_ZONE='+00:00' */;
/*!40014 SET @OLD_UNIQUE_CHECKS=@@UNIQUE_CHECKS, UNIQUE_CHECKS=0 */;
/*!40014 SET @OLD_FOREIGN_KEY_CHECKS=@@FOREIGN_KEY_CHECKS, FOREIGN_KEY_CHECKS=0 */;
/*!40101 SET @OLD_SQL_MODE=@@SQL_MODE, SQL_MODE='NO_AUTO_VALUE_ON_ZERO' */;
/*!40111 SET @OLD_SQL_NOTES=@@SQL_NOTES, SQL_NOTES=0 */;

--
-- Table structure for table `community`
--

DROP TABLE IF EXISTS `community`;
/*!40101 SET @saved_cs_client     = @@character_set_client */;
/*!50503 SET character_set_client = utf8mb4 */;
CREATE TABLE `community` (
  `community_check_delete` bit(1) DEFAULT NULL,
  `community_date` datetime(6) DEFAULT NULL,
  `community_id` bigint NOT NULL AUTO_INCREMENT,
  `user_id` bigint DEFAULT NULL,
  `community_content` varchar(255) DEFAULT NULL,
  `community_title` varchar(255) DEFAULT NULL,
  PRIMARY KEY (`community_id`),
  KEY `FKfsfwlfb2ummfsb30q78wo6se0` (`user_id`),
  CONSTRAINT `FKfsfwlfb2ummfsb30q78wo6se0` FOREIGN KEY (`user_id`) REFERENCES `user` (`user_id`)
) ENGINE=InnoDB AUTO_INCREMENT=51 DEFAULT CHARSET=utf8mb4 COLLATE=utf8mb4_0900_ai_ci;
/*!40101 SET character_set_client = @saved_cs_client */;

--
-- Dumping data for table `community`
--

LOCK TABLES `community` WRITE;
/*!40000 ALTER TABLE `community` DISABLE KEYS */;
INSERT INTO `community` VALUES (_binary '\0','2023-07-11 02:09:39.000000',1,3,'베란다에서 상추를 키우고 있어요. 햇빛이 부족할 땐 어떻게 해야 할까요? 조언 부탁드립니다!','베란다에서 상추 키우기'),(_binary '\0','2023-07-15 09:23:39.000000',2,11,'도시텃밭을 시작하려고 합니다. 필수로 필요한 도구가 무엇인지 추천해주세요.','도시텃밭에 필요한 도구'),(_binary '\0','2024-04-24 05:43:20.000000',3,10,'처음 심어 본 고구마, 언제 수확하면 좋을까요? 색이 많이 변했는데 괜찮을까요?','고구마 수확 시기 궁금해요'),(_binary '\0','2023-07-30 22:18:26.000000',4,10,'상추를 키우고 있는데 성장이 느려요. 햇빛과 물은 충분한데, 원인이 뭘까요?','상추가 자라지 않아요'),(_binary '\0','2024-07-12 05:47:39.000000',5,7,'요즘 벌레 때문에 작물이 피해를 입고 있어요. 친환경적인 방제법 추천해주실 분 계신가요?','해충 방제법 추천해요'),(_binary '\0','2024-05-28 15:12:40.000000',6,8,'옥상에서 텃밭을 만들어 보려고 하는데 작물 선정에 고민이 많아요. 추천 작물 있을까요?','옥상 텃밭, 가능한가요?'),(_binary '\0','2024-07-09 18:39:56.000000',7,2,'김장을 위해 배추를 키우고 있습니다. 병해충 예방을 어떻게 해야 할까요?','김장용 배추 키우기'),(_binary '\0','2023-05-19 19:41:48.000000',8,3,'드디어 주말농장에서 처음으로 감자를 수확했습니다! 감자 보관법을 알고 싶어요.','주말농장에서의 첫 수확'),(_binary '\0','2024-04-01 18:12:50.000000',9,13,'어떤 비료가 좋을지 고민 중입니다. 작물의 영양을 골고루 줄 수 있는 비료 추천해주세요.','텃밭 비료 추천 부탁드려요'),(_binary '\0','2024-08-01 15:38:54.000000',10,4,'겨울에 허브가 잘 자라지 않아요. 실내에서 키우는 관리법이 궁금해요!','겨울철 허브 관리 팁'),(_binary '\0','2023-01-22 21:02:46.000000',11,7,'오늘 드디어 주말농장을 처음 방문했어요. 작은 밭에 심어진 작물들이 너무 예쁘네요! 벌써 다음 주말이 기대됩니다.','주말농장 첫 방문기'),(_binary '\0','2023-05-01 08:01:17.000000',12,1,'요즘 베란다에 키우는 허브들이 잘 자라네요. 특히 바질 향이 너무 좋아서 요리에 자주 사용하게 돼요.','베란다 텃밭에서 자라는 허브'),(_binary '\0','2024-08-29 03:08:44.000000',13,13,'지난주에 심었던 토마토가 벌써 조금 자랐어요. 잎이 커지고 줄기도 더 단단해졌네요. 물 주는 재미가 있어요!','처음 심어본 토마토의 변화'),(_binary '\0','2023-07-19 06:45:12.000000',14,13,'아침 일찍 텃밭에 나가보니 상추가 싱그럽게 자라있었어요. 이른 아침 공기가 정말 상쾌하네요.','텃밭에서의 아침 풍경'),(_binary '\0','2024-01-17 11:50:14.000000',15,13,'새벽에 본 옥수수 잎에 맺힌 이슬이 너무 예뻐서 사진으로 남겼어요. 농사짓는 즐거움이 이런 거겠죠?','옥수수 잎에 이슬 맺힌 모습'),(_binary '\0','2023-04-06 18:55:46.000000',16,12,'오늘은 아이와 함께 상추를 수확했어요. 작은 손으로 상추를 하나하나 따는 모습이 정말 사랑스럽네요.','아이와 함께한 수확의 즐거움'),(_binary '\0','2023-09-10 14:44:49.000000',17,5,'가을이 오기 전에 감자를 모두 수확했습니다. 작은 감자들이 많지만 뿌듯한 하루였어요!','가을이 오기 전에 감자 캐기'),(_binary '\0','2023-10-13 11:53:04.000000',18,3,'오늘 밤 베란다에 나갔더니 허브 향이 가득하네요. 바질과 로즈마리 덕분에 집이 향기로워요.','베란다 텃밭의 향기로운 밤'),(_binary '\0','2024-07-27 11:30:22.000000',19,9,'날씨가 추워지기 전에 텃밭을 정리했어요. 내년 봄을 위해 밭을 다듬는 작업을 시작했습니다.','겨울 준비, 텃밭 정리 중'),(_binary '\0','2024-06-06 15:08:01.000000',20,5,'주말마다 텃밭에 가서 작물들을 돌보는 시간이 점점 소중해져요. 자연 속에서 힐링되는 기분입니다.','주말농장에서 느끼는 작은 행복'),(_binary '\0','2023-02-04 16:51:29.000000',21,7,'상추는 수분을 좋아하지만 과습은 피해야 해요. 흙이 마르면 물을 주고, 잎이 처지기 전에 물을 충분히 줍니다.','상추 물주기 요령'),(_binary '\0','2024-04-07 09:16:11.000000',22,1,'토마토는 햇빛을 충분히 받아야 열매가 잘 자라요. 물은 과하지 않게 주고 지지대를 세워주는 게 좋습니다.','토마토 열매 잘 키우는 법'),(_binary '\0','2023-08-04 19:51:37.000000',23,4,'고추는 진딧물이 잘 생기는데, 친환경 비누 스프레이를 이용해 해충을 관리해 주세요.','고추의 해충 방지법'),(_binary '\0','2024-07-16 15:51:23.000000',24,4,'옥수수는 심은 후에 일정 간격으로 거름을 주어야 해요. 물을 깊게 주어 뿌리가 잘 내리도록 합니다.','옥수수 건강하게 키우기'),(_binary '\0','2024-02-04 10:32:50.000000',25,11,'배추는 여름 후반이나 가을 초에 심으면 좋아요. 심은 후 물을 충분히 주고 햇빛을 많이 받게 해주세요.','배추 심는 시기와 방법'),(_binary '\0','2024-05-15 05:28:29.000000',26,4,'허브는 자주 가지치기를 해주면 더욱 풍성해져요. 윗부분을 잘라내면 옆으로 더 잘 자랍니다.','허브 가지치기 팁'),(_binary '\0','2024-05-05 02:05:56.000000',27,8,'감자는 흙이 고르게 촉촉해야 잘 자라요. 싹이 올라올 때쯤 흙을 덮어 주면 더욱 크고 건강한 감자가 됩니다.','감자 재배 시 흙 관리'),(_binary '\0','2024-07-04 16:19:33.000000',28,5,'대파는 자주 자라는 작물이에요. 자주 물을 주되, 물빠짐이 좋은 흙을 사용하는 것이 중요합니다.','대파 키우기 초보자 가이드'),(_binary '\0','2023-08-12 20:23:04.000000',29,5,'가지는 습한 환경에서 병이 잘 생기므로 물을 줄 때는 뿌리 부분만 주고 통풍이 잘 되게 해주세요.','가지의 병해 예방 방법'),(_binary '\0','2023-01-13 22:30:20.000000',30,6,'무는 뿌리 작물이므로 흙 속에 충분한 영양분이 필요해요. 비료를 잘 섞어 주고 햇빛을 충분히 받게 하세요.','무 농사 필수 비법'),(_binary '\0','2024-03-31 17:30:38.000000',31,1,'이번 주말에 드디어 베란다 텃밭을 완성했습니다. 상추와 허브를 심었는데 잘 자랄지 기대되네요!','베란다 텃밭 준비 완료!'),(_binary '\0','2024-09-13 03:32:25.000000',32,9,'고추 모종을 심으려고 하는데 간격은 얼마나 두는 게 좋을까요? 주변에 심을 작물도 추천 부탁드려요.','고추 심을 때 간격은?'),(_binary '\0','2024-01-04 19:57:49.000000',33,5,'옥수수는 옆에 다른 옥수수를 두면 수분이 잘 돼요. 배수가 잘 되는 흙을 사용하는 것도 중요합니다.','옥수수 키우기 꿀팁'),(_binary '\0','2024-03-17 21:21:54.000000',34,6,'오늘 아침에 나가보니 첫 싹이 났어요! 상추가 제일 먼저 얼굴을 내밀었네요. 기분 좋은 하루입니다.','텃밭에서 본 첫 싹!'),(_binary '\0','2024-09-12 07:22:33.000000',35,11,'베란다에서 상추를 키우는데, 잎이 자라다 멈추네요. 햇빛은 충분히 주고 있는데 뭐가 문제일까요?','상추가 잘 자라지 않아요'),(_binary '\0','2024-06-27 17:23:39.000000',36,9,'가을무를 처음 키워보는데 수확은 언제쯤 하는 게 좋을까요? 껍질이 단단해 보이면 되는 걸까요?','가을무 수확 시기'),(_binary '\0','2024-06-02 23:04:49.000000',37,6,'이번 주말 아이와 함께 주말농장에서 고구마를 수확했어요. 아이가 정말 좋아했답니다!','아이와 함께한 주말농장'),(_binary '\0','2024-05-28 05:37:47.000000',38,1,'드디어 상추와 파슬리 첫 수확을 했어요! 오늘 저녁 샐러드에 쓰려고 합니다. 너무 뿌듯하네요.','초보 텃밭러의 첫 수확'),(_binary '\0','2024-07-02 03:53:31.000000',39,2,'벌레가 자꾸 생기는데, 친환경 해충 퇴치법으로 뭐가 좋을까요? 집에서 간단히 할 수 있는 방법 찾고 있어요.','친환경 해충 퇴치법'),(_binary '\0','2024-01-11 15:33:59.000000',40,8,'로즈마리를 키우고 있는데 언제 가지치기를 해야 하는지 잘 모르겠어요. 조언 부탁드려요!','로즈마리 가지치기 시기'),(_binary '\0','2024-01-25 12:21:19.000000',41,10,'주말농장에서 소일거리하며 자연을 느끼는 시간이 요즘 가장 큰 행복이 되었어요.','주말농장에서의 힐링 타임'),(_binary '\0','2024-06-01 09:04:49.000000',42,2,'배추 잎에 누렇게 변하는 부분이 있는데 병이 생긴 걸까요? 혹시 어떻게 해야 할지 아시는 분 계신가요?','배추에 병이 생겼어요'),(_binary '\0','2023-04-13 02:42:07.000000',43,6,'봄에 상추를 언제 심는 게 좋은지 궁금해요. 너무 이른 시기에 심어도 괜찮을까요?','봄 상추 파종 시기'),(_binary '\0','2024-02-26 04:02:08.000000',44,2,'옥상 텃밭에서 하루 종일 보내다 보니 몸은 고단해도 마음은 가벼워지네요. 이것이 농사의 매력인가 봅니다.','옥상 텃밭에서의 하루'),(_binary '\0','2023-02-14 21:36:06.000000',45,12,'허브는 가지치기를 자주 해줘야 무성해져요. 상단부를 잘라주면 옆으로 더 많이 퍼지더라고요.','허브가 무성하게 자라려면?'),(_binary '\0','2024-09-14 20:26:46.000000',46,8,'고구마 심는 방법과 준비해야 할 것들이 뭐가 있을까요? 텃밭 초보라 잘 모르겠어요.','고구마 심는 방법 궁금해요'),(_binary '\0','2024-01-15 01:45:28.000000',47,4,'옥수수를 키우고 있는데 잎이 갈색으로 변해요. 물은 충분히 주고 있는데 왜 그럴까요?','옥수수 잎이 말라가요'),(_binary '\0','2024-01-06 09:11:12.000000',48,10,'감자를 수확했는데 어떻게 보관하는 게 좋을까요? 바로 먹지 않을 때 어떻게 보관해야 오래 갈까요?','감자 보관 방법'),(_binary '\0','2024-10-08 16:45:47.000000',49,5,'오늘 주말농장 친구들과 서로의 재배 노하우를 공유했어요. 많은 팁을 얻어가서 뿌듯하네요!','주말농장 친구들과 나눈 재배 노하우'),(_binary '\0','2024-08-12 16:13:31.000000',50,11,'올해는 무를 키우기로 했어요. 처음이라 잘할 수 있을지 걱정이 되지만 재미있게 해보려고 합니다!','무 농사 준비 중!');
/*!40000 ALTER TABLE `community` ENABLE KEYS */;
UNLOCK TABLES;

--
-- Table structure for table `community_comment`
--

DROP TABLE IF EXISTS `community_comment`;
/*!40101 SET @saved_cs_client     = @@character_set_client */;
/*!50503 SET character_set_client = utf8mb4 */;
CREATE TABLE `community_comment` (
  `community_comment_date` datetime(6) DEFAULT NULL,
  `community_comment_id` bigint NOT NULL AUTO_INCREMENT,
  `community_id` bigint DEFAULT NULL,
  `user_id` bigint DEFAULT NULL,
  `community_comment_content` varchar(255) DEFAULT NULL,
  PRIMARY KEY (`community_comment_id`),
  KEY `FK5s7mlxnl3exdg2iy49qjpjsp7` (`community_id`),
  KEY `FK9oaji7qtsspwvxbp5yuy5a5em` (`user_id`),
  CONSTRAINT `FK5s7mlxnl3exdg2iy49qjpjsp7` FOREIGN KEY (`community_id`) REFERENCES `community` (`community_id`),
  CONSTRAINT `FK9oaji7qtsspwvxbp5yuy5a5em` FOREIGN KEY (`user_id`) REFERENCES `user` (`user_id`)
) ENGINE=InnoDB AUTO_INCREMENT=89 DEFAULT CHARSET=utf8mb4 COLLATE=utf8mb4_0900_ai_ci;
/*!40101 SET character_set_client = @saved_cs_client */;

--
-- Dumping data for table `community_comment`
--

LOCK TABLES `community_comment` WRITE;
/*!40000 ALTER TABLE `community_comment` DISABLE KEYS */;
INSERT INTO `community_comment` VALUES ('2024-10-10 18:15:57.170436',1,1,6,'햇빛이 부족할 땐 햇빛이 잘 드는 곳으로!'),('2024-10-10 18:15:57.171436',2,1,5,'상추 맛있겠다'),('2024-10-10 18:15:57.180436',3,2,9,'쿠팡에서 재료 주문하세요'),('2024-10-10 18:15:57.180436',4,2,1,'호미 있으면 인생이 달라짐'),('2024-10-10 18:15:57.186437',5,3,4,'고구마는 보통 잎이 누렇게 변할 때쯤 수확해요!'),('2024-10-10 18:15:57.187435',6,3,8,'제 고구마는 더 일찍 수확했어요~'),('2024-10-10 18:15:57.193450',7,4,10,'햇빛이 약하면 LED 식물등을 고려해보세요.'),('2024-10-10 18:15:57.193450',8,4,7,'상추가 잘 자라길 바랍니다!'),('2024-10-10 18:15:57.198436',9,5,5,'친환경 스프레이 추천해요!'),('2024-10-10 18:15:57.199447',10,5,13,'벌레가 줄어들었으면 좋겠어요'),('2024-10-10 18:15:57.206435',11,6,7,'옥상 텃밭에는 허브도 좋아요!'),('2024-10-10 18:15:57.206435',12,6,6,'작물 심기 전에 바닥 배수 꼭 신경 쓰세요.'),('2024-10-10 18:15:57.210436',13,7,7,'배추는 병이 생기기 쉬우니 자주 확인하세요.'),('2024-10-10 18:15:57.211436',14,7,12,'김장 준비 파이팅입니다!'),('2024-10-10 18:15:57.219436',15,8,13,'감자는 시원하고 어두운 곳에 보관하세요.'),('2024-10-10 18:15:57.219436',16,8,11,'수확 축하드려요! 감자전 추천해요.'),('2024-10-10 18:15:57.225436',17,9,5,'유기농 비료도 좋아요! 자주 주지 말고 간격을 두세요.'),('2024-10-10 18:15:57.226436',18,9,5,'텃밭 화이팅입니다!'),('2024-10-10 18:15:57.231435',19,10,12,'허브는 실내에서 키울 때 가습기 틀어주면 좋아요.'),('2024-10-10 18:15:57.232435',20,10,4,'겨울에도 무럭무럭 자라길 바랍니다!'),('2024-10-10 18:15:57.237436',21,11,8,'주말농장이 생생하게 그려지네요! 다음 주말도 기대됩니다!'),('2024-10-10 18:15:57.241435',22,12,7,'허브 향 너무 좋아요! 요리에 쓸 때마다 뿌듯하시겠어요.'),('2024-10-10 18:15:57.242435',23,12,11,'바질이 진짜 잘 자라네요! 허브 키우기 정말 즐겁죠!'),('2024-10-10 18:15:57.245435',24,13,1,'토마토가 잘 자라서 다행이네요! 열매 맺힐 날이 기대됩니다.'),('2024-10-10 18:15:57.245435',25,13,3,'물 줄 때마다 쑥쑥 자라네요. 곧 빨갛게 익을 거예요!'),('2024-10-10 18:15:57.249436',26,14,5,'아침 텃밭 풍경이라니 너무 평화로워 보여요.'),('2024-10-10 18:15:57.249436',27,14,9,'상추가 싱그럽게 자라다니! 건강한 텃밭이네요.'),('2024-10-10 18:15:57.255435',28,15,9,'옥수수 이슬 맺힌 모습 상상돼요! 사진 찍으셨다니 부럽습니다.'),('2024-10-10 18:15:57.255435',29,15,12,'이슬 맺힌 모습이 예쁠 것 같아요. 멋진 사진 기대할게요!'),('2024-10-10 18:15:57.259436',30,16,7,'아이와 함께 수확이라니 정말 소중한 시간이었겠어요!'),('2024-10-10 18:15:57.260434',31,16,3,'작은 손으로 따는 모습이라니 너무 귀여워요!'),('2024-10-10 18:15:57.260434',32,16,2,'상추 수확 축하드려요! 맛있게 드세요~'),('2024-10-10 18:15:57.263435',33,17,2,'감자 수확 수고 많으셨어요! 감자 요리 추천드려요.'),('2024-10-10 18:15:57.263435',34,17,12,'가을 감자라니 정말 맛있을 것 같아요!'),('2024-10-10 18:15:57.264450',35,17,3,'작은 감자들도 알차게 수확하셨네요!'),('2024-10-10 18:15:57.268439',36,18,12,'허브 향 가득한 밤이라니 상상만으로도 힐링이네요.'),('2024-10-10 18:15:57.268439',37,18,1,'바질이랑 로즈마리 덕분에 집이 향기로우시겠어요!'),('2024-10-10 18:15:57.269438',38,18,5,'베란다가 허브 정원 같겠어요!'),('2024-10-10 18:15:57.275436',39,19,12,'겨울 준비 잘 하셨네요! 내년 봄이 벌써 기대돼요.'),('2024-10-10 18:15:57.275436',40,19,4,'텃밭을 정리하니 마음도 깔끔해지셨겠어요.'),('2024-10-10 18:15:57.276436',41,19,2,'봄을 준비하는 마음, 정말 멋집니다!'),('2024-10-10 18:15:57.282438',42,20,2,'주말농장에서 마음의 힐링, 정말 좋네요!'),('2024-10-10 18:15:57.282438',43,20,6,'작물 키우는 시간이 소중해진다니 공감됩니다!'),('2024-10-10 18:15:57.283437',44,20,13,'자연 속에서 힐링이 정말 필요해요!'),('2024-10-10 18:15:57.283437',45,20,10,'다음 주말도 텃밭에서 행복한 시간 보내세요!'),('2024-10-10 18:15:57.291436',46,21,5,'상추 물주기 팁 감사합니다! 과습이 문제군요.'),('2024-10-10 18:15:57.291436',47,21,10,'상추가 잘 자랄 수 있도록 물 잘 주겠습니다!'),('2024-10-10 18:15:57.296436',48,22,6,'토마토에 햇빛이 중요하다니, 더 잘 키우기 위해 햇빛 잘 받는 곳으로 옮길게요!'),('2024-10-10 18:15:57.296436',49,22,2,'지지대 세우는 거 잊지 말아야겠네요.'),('2024-10-10 18:15:57.299436',50,23,11,'친환경 비누 스프레이 사용해보겠습니다! 진딧물 때문에 고민했거든요.'),('2024-10-10 18:15:57.299436',51,23,7,'고추가 무사히 자라길 바랍니다!'),('2024-10-10 18:15:57.304436',52,24,3,'거름 주는 타이밍이 중요하군요! 감사해요.'),('2024-10-10 18:15:57.304436',53,24,6,'물 깊게 주는 것도 신경 써야겠어요!'),('2024-10-10 18:15:57.311436',54,25,5,'배추 심는 시기 이제 알았네요. 여름 후반에 심을게요!'),('2024-10-10 18:15:57.312436',55,25,5,'햇빛을 잘 받게 하는 거, 정말 중요해요!'),('2024-10-10 18:15:57.318435',56,26,4,'허브 가지치기 자주 해주면 더 잘 자라네요! 잊지 않고 해보겠습니다.'),('2024-10-10 18:15:57.319435',57,26,7,'풍성한 허브를 위해 꾸준히 가지치기할게요!'),('2024-10-10 18:15:57.324436',58,27,2,'감자 재배에 대해 유용한 정보 감사합니다!'),('2024-10-10 18:15:57.324436',59,27,2,'흙을 고르게 촉촉하게 유지해야겠어요.'),('2024-10-10 18:15:57.328441',60,28,4,'대파가 자주 자란다니 잘 키울 수 있을 것 같아요!'),('2024-10-10 18:15:57.328441',61,28,3,'물빠짐 좋은 흙 사용해야겠네요. 감사합니다!'),('2024-10-10 18:15:57.332436',62,29,3,'가지는 통풍이 중요하군요! 더욱 주의해야겠어요.'),('2024-10-10 18:15:57.332436',63,29,12,'뿌리 부분만 물주면 더 좋겠네요!'),('2024-10-10 18:15:57.336435',64,30,2,'무 재배에 필요한 영양분 잘 챙길게요!'),('2024-10-10 18:15:57.337436',65,30,9,'햇빛도 충분히 받게 해야겠군요. 정보 감사합니다!'),('2024-10-10 18:15:57.339436',66,31,2,'베란다에서 상추와 허브 키우는 게 너무 좋겠어요!'),('2024-10-10 18:15:57.340435',67,31,2,'저도 텃밭 만들고 싶어요. 잘 자라길 바랍니다!'),('2024-10-10 18:15:57.346437',68,32,8,'고추 간격에 대해 좋은 팁 감사해요! 고민이 많았거든요.'),('2024-10-10 18:15:57.346437',69,32,1,'주변 작물도 잘 자라도록 조언해 주시면 감사하겠습니다!'),('2024-10-10 18:15:57.350436',70,33,7,'옥수수는 배수 잘 되는 흙이 중요하다니, 다음에 참고하겠습니다!'),('2024-10-10 18:15:57.351435',71,33,2,'수분 잘 유지할 수 있도록 할게요!'),('2024-10-10 18:15:57.355434',72,34,1,'와, 첫 싹이 났다니 축하해요! 상추가 잘 자라길 바랍니다!'),('2024-10-10 18:15:57.362436',73,35,4,'상추가 잘 자라지 않는다면, 흙 상태도 체크해보세요. 영양분이 부족할 수 있어요.'),('2024-10-10 18:15:57.367435',74,36,7,'가을무 수확 시기, 보통 뿌리가 두께가 5~6cm 정도 될 때 수확하면 좋아요.'),('2024-10-10 18:15:57.369436',75,37,4,'아이와 함께한 수확이라니! 정말 좋은 추억이네요. 아이가 좋아하는 모습이 상상돼요.'),('2024-10-10 18:15:57.373436',76,38,6,'첫 수확 축하드립니다! 샐러드 맛있겠어요. 앞으로 더 많은 수확이 있길 바래요.'),('2024-10-10 18:15:57.378438',77,39,9,'친환경 방법으로는 물과 식초를 섞어 뿌리면 효과적이에요. 한번 시도해보세요!'),('2024-10-10 18:15:57.381436',78,40,6,'로즈마리는 성장기에 가지치기 해주면 더욱 풍성해져요. 봄에 해보세요.'),('2024-10-10 18:15:57.386435',79,41,8,'자연 속에서의 시간, 정말 소중하죠! 저도 힐링되는 기분이에요.'),('2024-10-10 18:15:57.389436',80,42,3,'배추에 병이 생긴 것 같다면, 빠르게 치료해주는 것이 중요해요. 방제를 고려해보세요.'),('2024-10-10 18:15:57.394437',81,43,9,'봄에 상추는 3월 초에 심는 것이 좋아요. 너무 이르지 않게 심어보세요.'),('2024-10-10 18:15:57.396436',82,44,6,'옥상에서의 농사, 정말 매력적이죠! 고단해도 보람이 있겠어요.'),('2024-10-10 18:15:57.400438',83,45,3,'허브가 무성하게 자라려면 자주 가지치기해주면 좋아요. 잘 해보세요!'),('2024-10-10 18:15:57.404436',84,46,5,'고구마 심는 법은 깊이 10cm 정도로 심고, 충분한 간격을 두는 것이 중요해요.'),('2024-10-10 18:15:57.408436',85,47,4,'옥수수 잎이 마르는 건 수분 부족이나 영양 부족일 수 있어요. 체크해보세요!'),('2024-10-10 18:15:57.411439',86,48,6,'감자는 통풍이 잘되는 곳에 보관해야 해요. 신문지에 싸서 보관하는 것도 좋아요.'),('2024-10-10 18:15:57.414436',87,49,5,'서로의 노하우를 공유하는 건 정말 좋은 경험이네요! 계속해서 배우세요.'),('2024-10-10 18:15:57.417435',88,50,10,'무 농사는 처음이라면 조금씩 배워가며 하세요! 재미있게 해보세요!');
/*!40000 ALTER TABLE `community_comment` ENABLE KEYS */;
UNLOCK TABLES;

--
-- Table structure for table `community_favorite_tag`
--

DROP TABLE IF EXISTS `community_favorite_tag`;
/*!40101 SET @saved_cs_client     = @@character_set_client */;
/*!50503 SET character_set_client = utf8mb4 */;
CREATE TABLE `community_favorite_tag` (
  `community_favorite_tag_id` bigint NOT NULL AUTO_INCREMENT,
  `community_tag_id` bigint DEFAULT NULL,
  `user_id` bigint DEFAULT NULL,
  PRIMARY KEY (`community_favorite_tag_id`),
  KEY `FK2udqxcxdt35j8jrbaq926b07f` (`community_tag_id`),
  KEY `FK7bjacjekpvhnn47ar96rr74mw` (`user_id`),
  CONSTRAINT `FK2udqxcxdt35j8jrbaq926b07f` FOREIGN KEY (`community_tag_id`) REFERENCES `community_tag` (`community_tag_id`),
  CONSTRAINT `FK7bjacjekpvhnn47ar96rr74mw` FOREIGN KEY (`user_id`) REFERENCES `user` (`user_id`)
) ENGINE=InnoDB AUTO_INCREMENT=48 DEFAULT CHARSET=utf8mb4 COLLATE=utf8mb4_0900_ai_ci;
/*!40101 SET character_set_client = @saved_cs_client */;

--
-- Dumping data for table `community_favorite_tag`
--

LOCK TABLES `community_favorite_tag` WRITE;
/*!40000 ALTER TABLE `community_favorite_tag` DISABLE KEYS */;
INSERT INTO `community_favorite_tag` VALUES (1,17,1),(2,21,1),(3,13,1),(4,30,2),(5,4,2),(6,15,3),(7,3,3),(8,2,3),(9,5,3),(10,24,3),(11,9,4),(12,6,4),(13,32,5),(14,38,5),(15,9,5),(16,21,5),(17,33,5),(18,10,6),(19,2,6),(20,8,7),(21,1,7),(22,16,7),(23,42,7),(24,40,8),(25,14,8),(26,24,8),(27,16,8),(28,35,8),(29,3,9),(30,9,9),(31,5,9),(32,6,9),(33,33,10),(34,1,10),(35,19,10),(36,38,10),(37,5,10),(38,16,11),(39,36,11),(40,6,11),(41,22,12),(42,7,12),(43,18,13),(44,22,13),(45,41,13),(46,39,13),(47,37,13);
/*!40000 ALTER TABLE `community_favorite_tag` ENABLE KEYS */;
UNLOCK TABLES;

--
-- Table structure for table `community_heart`
--

DROP TABLE IF EXISTS `community_heart`;
/*!40101 SET @saved_cs_client     = @@character_set_client */;
/*!50503 SET character_set_client = utf8mb4 */;
CREATE TABLE `community_heart` (
  `community_favorite_tag_id` bigint NOT NULL AUTO_INCREMENT,
  `community_heart_date` datetime(6) DEFAULT NULL,
  `community_id` bigint DEFAULT NULL,
  `user_id` bigint DEFAULT NULL,
  PRIMARY KEY (`community_favorite_tag_id`),
  KEY `FKn28nytxl3kfnsww32j62rfcfr` (`community_id`),
  KEY `FK6urw3jhafyttsb23pkyv3fubk` (`user_id`),
  CONSTRAINT `FK6urw3jhafyttsb23pkyv3fubk` FOREIGN KEY (`user_id`) REFERENCES `user` (`user_id`),
  CONSTRAINT `FKn28nytxl3kfnsww32j62rfcfr` FOREIGN KEY (`community_id`) REFERENCES `community` (`community_id`)
) ENGINE=InnoDB AUTO_INCREMENT=287 DEFAULT CHARSET=utf8mb4 COLLATE=utf8mb4_0900_ai_ci;
/*!40101 SET character_set_client = @saved_cs_client */;

--
-- Dumping data for table `community_heart`
--

LOCK TABLES `community_heart` WRITE;
/*!40000 ALTER TABLE `community_heart` DISABLE KEYS */;
INSERT INTO `community_heart` VALUES (1,'2023-09-02 13:53:35.000000',1,1),(2,'2024-05-14 23:25:41.000000',1,2),(3,'2024-07-18 05:12:07.000000',1,3),(4,'2024-09-23 12:02:27.000000',1,4),(5,'2023-10-21 17:30:53.000000',2,1),(6,'2023-07-20 05:35:30.000000',2,2),(7,'2023-10-13 21:14:16.000000',2,3),(8,'2023-08-09 04:37:30.000000',2,4),(9,'2024-04-23 21:49:42.000000',2,5),(10,'2023-08-18 21:06:02.000000',2,6),(11,'2024-05-18 19:31:28.000000',3,1),(12,'2024-05-18 08:48:56.000000',3,2),(13,'2024-06-04 18:15:44.000000',3,3),(14,'2024-09-19 13:15:03.000000',3,4),(15,'2024-05-03 09:04:03.000000',3,5),(16,'2023-09-22 20:34:50.000000',4,1),(17,'2023-09-22 07:02:16.000000',4,2),(18,'2024-05-01 04:54:45.000000',4,3),(19,'2024-03-24 04:58:01.000000',4,4),(20,'2024-09-13 14:50:53.000000',4,5),(21,'2024-08-25 12:40:32.000000',4,6),(22,'2024-07-18 16:11:39.000000',5,1),(23,'2024-07-12 06:38:57.000000',5,2),(24,'2024-08-15 23:57:19.000000',5,3),(25,'2024-08-14 14:39:44.000000',5,4),(26,'2024-06-28 08:43:28.000000',6,13),(27,'2024-10-09 07:22:15.000000',6,12),(28,'2024-10-07 13:06:05.000000',6,11),(29,'2024-09-27 22:08:07.000000',6,10),(30,'2024-05-31 22:53:03.000000',6,9),(31,'2024-09-23 07:04:08.000000',6,8),(32,'2024-09-06 00:30:05.000000',6,7),(33,'2024-08-18 22:03:09.000000',7,1),(34,'2024-08-11 20:21:03.000000',7,2),(35,'2023-08-14 08:03:21.000000',8,13),(36,'2023-12-03 03:57:48.000000',8,12),(37,'2023-08-07 10:53:07.000000',8,11),(38,'2024-03-01 14:19:58.000000',8,10),(39,'2023-07-10 07:11:19.000000',8,9),(40,'2024-01-14 02:37:49.000000',8,8),(41,'2024-09-09 22:10:33.000000',8,7),(42,'2023-10-18 20:20:45.000000',8,6),(43,'2023-12-26 22:32:59.000000',8,5),(44,'2023-05-26 08:09:33.000000',8,4),(45,'2023-12-13 07:38:55.000000',8,3),(46,'2024-01-19 07:59:41.000000',8,2),(47,'2024-08-13 03:42:19.000000',8,1),(48,'2024-09-17 14:13:38.000000',9,1),(49,'2024-06-06 19:01:01.000000',9,2),(50,'2024-10-07 19:11:14.000000',9,3),(51,'2024-09-18 11:44:19.000000',9,4),(52,'2024-04-10 18:50:53.000000',9,5),(53,'2024-07-25 09:08:58.000000',9,6),(54,'2024-05-04 17:28:27.000000',9,7),(55,'2024-08-26 13:30:42.000000',10,13),(56,'2024-09-27 07:53:33.000000',10,12),(57,'2024-09-05 01:02:06.000000',10,11),(58,'2024-08-11 03:52:07.000000',10,10),(59,'2024-09-21 09:56:17.000000',10,9),(60,'2024-09-22 11:24:09.000000',10,8),(61,'2023-03-16 15:30:19.000000',11,13),(62,'2023-03-17 05:04:50.000000',11,12),(63,'2024-03-11 00:08:24.000000',11,11),(64,'2024-03-06 12:12:53.000000',12,13),(65,'2024-09-28 12:28:19.000000',12,12),(66,'2024-02-01 17:06:49.000000',12,11),(67,'2024-08-16 09:33:50.000000',12,10),(68,'2024-06-12 05:08:24.000000',12,9),(69,'2024-06-02 05:39:40.000000',12,8),(70,'2024-10-05 06:04:16.000000',13,13),(71,'2023-10-12 13:29:14.000000',14,13),(72,'2024-02-01 02:11:29.000000',14,12),(73,'2024-08-12 17:38:01.000000',15,1),(74,'2024-08-08 02:28:46.000000',15,2),(75,'2024-10-04 17:13:41.000000',15,3),(76,'2024-05-16 05:19:48.000000',15,4),(77,'2024-08-21 12:05:14.000000',15,5),(78,'2024-06-18 16:22:55.000000',15,6),(79,'2024-09-22 21:16:59.000000',15,7),(80,'2023-11-19 19:27:46.000000',16,1),(81,'2024-07-29 08:23:43.000000',16,2),(82,'2023-11-19 10:02:38.000000',16,3),(83,'2024-05-27 05:03:45.000000',16,4),(84,'2023-11-06 20:28:46.000000',16,5),(85,'2023-10-24 01:32:17.000000',17,1),(86,'2024-08-01 19:26:44.000000',18,1),(87,'2024-10-03 02:10:32.000000',19,13),(88,'2024-07-28 18:06:30.000000',19,12),(89,'2024-08-19 02:01:27.000000',19,11),(90,'2024-09-06 20:29:28.000000',19,10),(91,'2024-08-23 14:46:33.000000',19,9),(92,'2024-08-25 15:49:15.000000',19,8),(93,'2024-08-10 21:03:00.000000',20,1),(94,'2024-07-17 00:53:45.000000',20,2),(95,'2024-08-01 07:17:09.000000',20,3),(96,'2024-08-19 12:27:47.000000',20,4),(97,'2024-07-01 21:22:14.000000',20,5),(98,'2024-10-03 04:55:33.000000',20,6),(99,'2024-06-10 23:13:14.000000',20,7),(100,'2023-05-01 09:06:04.000000',21,13),(101,'2023-02-17 08:18:01.000000',21,12),(102,'2024-07-20 00:48:25.000000',21,11),(103,'2024-09-20 04:48:45.000000',21,10),(104,'2023-09-19 05:28:24.000000',21,9),(105,'2024-08-01 08:04:46.000000',21,8),(106,'2024-06-17 23:32:02.000000',21,7),(107,'2023-07-13 00:26:00.000000',21,6),(108,'2023-05-22 18:50:40.000000',21,5),(109,'2023-11-10 18:06:55.000000',21,4),(110,'2024-09-05 09:12:21.000000',21,3),(111,'2023-08-28 00:59:26.000000',21,2),(112,'2023-12-08 06:26:33.000000',21,1),(113,'2024-06-17 03:18:04.000000',22,13),(114,'2024-09-11 08:00:41.000000',22,12),(115,'2024-05-19 15:59:42.000000',22,11),(116,'2024-06-22 02:21:27.000000',22,10),(117,'2024-09-29 13:02:09.000000',22,9),(118,'2024-06-15 02:13:29.000000',22,8),(119,'2024-08-25 15:25:07.000000',22,7),(120,'2023-08-06 22:57:48.000000',23,1),(121,'2024-09-10 08:24:20.000000',24,1),(122,'2024-09-09 01:27:56.000000',24,2),(123,'2024-08-04 16:39:36.000000',24,3),(124,'2024-09-05 16:53:09.000000',24,4),(125,'2024-07-29 00:03:39.000000',24,5),(126,'2024-08-19 19:16:15.000000',24,6),(127,'2024-07-25 00:40:48.000000',24,7),(128,'2024-06-14 14:44:18.000000',25,13),(129,'2024-04-22 14:46:15.000000',25,12),(130,'2024-08-27 04:28:24.000000',25,11),(131,'2024-08-03 04:20:32.000000',25,10),(132,'2024-04-16 11:19:12.000000',25,9),(133,'2024-02-08 05:16:17.000000',25,8),(134,'2024-05-21 18:14:30.000000',25,7),(135,'2024-04-17 05:17:42.000000',25,6),(136,'2024-04-28 21:54:03.000000',25,5),(137,'2024-02-16 13:12:05.000000',25,4),(138,'2024-04-22 08:42:37.000000',25,3),(139,'2024-05-07 10:36:07.000000',25,2),(140,'2024-06-12 21:15:57.000000',26,13),(141,'2024-08-30 01:26:31.000000',26,12),(142,'2024-06-02 06:59:34.000000',26,11),(143,'2024-08-31 18:01:16.000000',26,10),(144,'2024-10-03 21:32:35.000000',26,9),(145,'2024-09-20 11:40:06.000000',26,8),(146,'2024-09-20 06:30:08.000000',26,7),(147,'2024-09-16 09:10:22.000000',26,6),(148,'2024-05-05 10:19:22.000000',27,13),(149,'2024-05-13 00:35:47.000000',27,12),(150,'2024-06-10 06:52:56.000000',27,11),(151,'2024-08-24 23:35:27.000000',27,10),(152,'2024-06-03 00:06:11.000000',27,9),(153,'2024-09-17 20:22:33.000000',28,13),(154,'2024-08-11 13:02:04.000000',28,12),(155,'2024-07-27 08:30:25.000000',28,11),(156,'2024-01-02 20:28:03.000000',29,13),(157,'2023-12-29 07:02:47.000000',29,12),(158,'2023-11-21 06:06:09.000000',30,13),(159,'2024-08-15 10:04:47.000000',30,12),(160,'2024-01-01 17:49:09.000000',30,11),(161,'2024-05-11 21:40:05.000000',30,10),(162,'2023-01-16 06:24:13.000000',30,9),(163,'2023-10-06 12:38:30.000000',30,8),(164,'2024-04-24 08:14:52.000000',31,13),(165,'2024-09-21 15:26:31.000000',32,13),(166,'2024-10-06 18:38:39.000000',32,12),(167,'2024-10-05 23:01:56.000000',32,11),(168,'2024-10-04 07:34:25.000000',32,10),(169,'2024-09-17 08:45:37.000000',32,9),(170,'2024-09-27 23:20:56.000000',32,8),(171,'2024-09-29 22:14:50.000000',32,7),(172,'2024-09-30 00:33:40.000000',32,6),(173,'2024-09-28 06:57:26.000000',32,5),(174,'2024-09-17 13:47:13.000000',32,4),(175,'2024-09-23 21:53:31.000000',32,3),(176,'2024-09-13 12:12:56.000000',32,2),(177,'2024-05-02 07:42:52.000000',33,1),(178,'2024-03-10 01:16:09.000000',33,2),(179,'2024-06-19 19:44:02.000000',33,3),(180,'2024-02-13 11:40:58.000000',33,4),(181,'2024-07-23 22:56:55.000000',33,5),(182,'2024-05-14 18:58:25.000000',33,6),(183,'2024-05-22 01:50:52.000000',34,13),(184,'2024-03-22 21:58:33.000000',34,12),(185,'2024-09-30 06:18:03.000000',34,11),(186,'2024-07-17 01:17:21.000000',34,10),(187,'2024-04-16 07:02:38.000000',34,9),(188,'2024-06-27 03:40:59.000000',34,8),(189,'2024-10-04 15:51:04.000000',35,13),(190,'2024-10-09 14:13:45.000000',35,12),(191,'2024-09-30 07:53:24.000000',35,11),(192,'2024-10-06 00:50:55.000000',35,10),(193,'2024-09-26 16:36:15.000000',35,9),(194,'2024-09-15 16:40:30.000000',35,8),(195,'2024-10-04 05:33:32.000000',35,7),(196,'2024-10-08 11:35:19.000000',35,6),(197,'2024-10-10 00:29:21.000000',35,5),(198,'2024-09-18 16:04:33.000000',35,4),(199,'2024-09-12 14:26:40.000000',35,3),(200,'2024-09-23 09:04:43.000000',35,2),(201,'2024-09-27 02:35:03.000000',35,1),(202,'2024-07-01 15:06:25.000000',36,1),(203,'2024-08-21 19:35:33.000000',36,2),(204,'2024-07-24 02:25:07.000000',36,3),(205,'2024-07-17 23:44:05.000000',36,4),(206,'2024-08-29 03:58:32.000000',36,5),(207,'2024-07-24 14:32:29.000000',36,6),(208,'2024-09-11 05:18:05.000000',36,7),(209,'2024-09-22 09:14:34.000000',36,8),(210,'2024-08-03 20:38:39.000000',37,1),(211,'2024-06-12 22:40:35.000000',37,2),(212,'2024-06-18 23:47:35.000000',38,13),(213,'2024-06-15 20:21:36.000000',38,12),(214,'2024-09-07 17:51:19.000000',38,11),(215,'2024-07-05 16:15:10.000000',38,10),(216,'2024-07-12 00:20:03.000000',38,9),(217,'2024-06-29 02:14:15.000000',38,8),(218,'2024-06-19 19:33:11.000000',38,7),(219,'2024-09-01 22:14:45.000000',38,6),(220,'2024-10-02 21:47:35.000000',39,13),(221,'2024-07-06 08:41:41.000000',39,12),(222,'2024-09-07 13:35:23.000000',39,11),(223,'2024-08-26 02:27:11.000000',39,10),(224,'2024-08-02 18:12:43.000000',39,9),(225,'2024-09-24 09:32:34.000000',39,8),(226,'2024-10-09 18:51:32.000000',39,7),(227,'2024-03-02 04:53:24.000000',40,13),(228,'2024-03-03 01:46:45.000000',40,12),(229,'2024-09-26 01:10:48.000000',40,11),(230,'2024-10-01 02:44:58.000000',40,10),(231,'2024-04-17 22:34:46.000000',41,1),(232,'2024-10-08 10:05:14.000000',41,2),(233,'2024-07-18 01:15:54.000000',41,3),(234,'2024-03-08 14:41:52.000000',41,4),(235,'2024-02-23 19:16:32.000000',41,5),(236,'2024-07-21 17:13:43.000000',41,6),(237,'2024-05-05 06:35:44.000000',41,7),(238,'2024-08-24 09:04:07.000000',41,8),(239,'2024-09-18 22:14:48.000000',41,9),(240,'2024-08-03 19:34:04.000000',41,10),(241,'2024-06-17 23:27:16.000000',42,1),(242,'2024-07-29 03:06:36.000000',42,2),(243,'2024-06-20 04:01:50.000000',42,3),(244,'2024-07-05 14:15:36.000000',42,4),(245,'2024-07-24 16:58:00.000000',43,1),(246,'2024-04-08 17:21:23.000000',43,2),(247,'2024-02-22 23:33:32.000000',43,3),(248,'2023-11-24 10:23:09.000000',43,4),(249,'2023-10-03 09:10:57.000000',43,5),(250,'2024-07-01 17:12:03.000000',43,6),(251,'2024-07-12 08:05:01.000000',43,7),(252,'2024-01-14 18:47:58.000000',43,8),(253,'2024-09-13 18:04:53.000000',44,13),(254,'2023-03-16 03:00:42.000000',45,13),(255,'2024-07-22 20:36:25.000000',45,12),(256,'2023-06-13 04:28:00.000000',45,11),(257,'2024-01-28 09:30:59.000000',45,10),(258,'2023-05-12 14:53:08.000000',45,9),(259,'2024-10-10 15:26:43.000000',45,8),(260,'2024-09-30 04:09:34.000000',46,1),(261,'2024-09-18 03:44:08.000000',46,2),(262,'2024-09-29 13:30:09.000000',46,3),(263,'2024-09-21 04:40:33.000000',46,4),(264,'2024-09-21 22:59:22.000000',46,5),(265,'2024-10-09 14:05:23.000000',46,6),(266,'2024-10-07 06:27:24.000000',46,7),(267,'2024-09-02 23:31:51.000000',47,1),(268,'2024-04-29 07:50:24.000000',47,2),(269,'2024-09-19 06:02:59.000000',47,3),(270,'2024-05-25 17:55:42.000000',47,4),(271,'2024-09-20 14:58:09.000000',47,5),(272,'2024-07-17 19:02:43.000000',47,6),(273,'2024-02-29 08:54:12.000000',47,7),(274,'2024-03-23 16:57:04.000000',47,8),(275,'2024-01-20 02:30:12.000000',47,9),(276,'2024-07-15 10:51:00.000000',47,10),(277,'2024-07-28 07:29:37.000000',48,1),(278,'2024-10-08 20:33:22.000000',49,1),(279,'2024-10-08 18:44:13.000000',49,2),(280,'2024-08-21 21:10:21.000000',50,13),(281,'2024-09-05 18:27:41.000000',50,12),(282,'2024-08-28 10:00:40.000000',50,11),(283,'2024-09-17 01:01:14.000000',50,10),(284,'2024-10-07 17:12:18.000000',50,9),(285,'2024-08-20 23:38:15.000000',50,8),(286,'2024-09-01 01:15:24.000000',50,7);
/*!40000 ALTER TABLE `community_heart` ENABLE KEYS */;
UNLOCK TABLES;

--
-- Table structure for table `community_image`
--

DROP TABLE IF EXISTS `community_image`;
/*!40101 SET @saved_cs_client     = @@character_set_client */;
/*!50503 SET character_set_client = utf8mb4 */;
CREATE TABLE `community_image` (
  `community_id` bigint DEFAULT NULL,
  `community_image_id` bigint NOT NULL AUTO_INCREMENT,
  `community_image_path` varchar(255) DEFAULT NULL,
  PRIMARY KEY (`community_image_id`),
  KEY `FK6skixbvtayd4synfpjijy5bn0` (`community_id`),
  CONSTRAINT `FK6skixbvtayd4synfpjijy5bn0` FOREIGN KEY (`community_id`) REFERENCES `community` (`community_id`)
) ENGINE=InnoDB AUTO_INCREMENT=105 DEFAULT CHARSET=utf8mb4 COLLATE=utf8mb4_0900_ai_ci;
/*!40101 SET character_set_client = @saved_cs_client */;

--
-- Dumping data for table `community_image`
--

LOCK TABLES `community_image` WRITE;
/*!40000 ALTER TABLE `community_image` DISABLE KEYS */;
INSERT INTO `community_image` VALUES (1,1,'community13.png'),(1,2,'community5.png'),(2,3,'community16.png'),(2,4,'community18.png'),(3,5,'community23.png'),(3,6,'community13.png'),(4,7,'community23.png'),(4,8,'community24.png'),(5,9,'community47.png'),(5,10,'community39.png'),(5,11,'community41.png'),(6,12,'community16.png'),(6,13,'community41.png'),(6,14,'community35.png'),(7,15,'community23.png'),(8,16,'community45.png'),(8,17,'community27.png'),(9,18,'community43.png'),(9,19,'community31.png'),(10,20,'community17.png'),(11,21,'community50.png'),(11,22,'community6.png'),(12,23,'community35.png'),(12,24,'community33.png'),(13,25,'community42.png'),(13,26,'community16.png'),(13,27,'community43.png'),(14,28,'community18.png'),(14,29,'community14.png'),(14,30,'community38.png'),(15,31,'community42.png'),(15,32,'community27.png'),(16,33,'community43.png'),(16,34,'community12.png'),(16,35,'community34.png'),(17,36,'community47.png'),(17,37,'community30.png'),(18,38,'community21.png'),(18,39,'community5.png'),(18,40,'community35.png'),(19,41,'community9.png'),(19,42,'community5.png'),(20,43,'community42.png'),(20,44,'community48.png'),(21,45,'community42.png'),(21,46,'community45.png'),(22,47,'community39.png'),(23,48,'community8.png'),(24,49,'community46.png'),(25,50,'community50.png'),(25,51,'community26.png'),(26,52,'community27.png'),(26,53,'community1.png'),(27,54,'community27.png'),(28,55,'community50.png'),(28,56,'community34.png'),(29,57,'community34.png'),(29,58,'community14.png'),(29,59,'community14.png'),(30,60,'community33.png'),(30,61,'community40.png'),(30,62,'community47.png'),(31,63,'community47.png'),(31,64,'community50.png'),(32,65,'community8.png'),(32,66,'community14.png'),(32,67,'community13.png'),(33,68,'community37.png'),(34,69,'community17.png'),(34,70,'community11.png'),(34,71,'community6.png'),(35,72,'community6.png'),(35,73,'community41.png'),(36,74,'community7.png'),(37,75,'community35.png'),(37,76,'community41.png'),(37,77,'community18.png'),(38,78,'community10.png'),(39,79,'community30.png'),(40,80,'community30.png'),(40,81,'community46.png'),(41,82,'community29.png'),(41,83,'community6.png'),(42,84,'community13.png'),(42,85,'community11.png'),(43,86,'community9.png'),(43,87,'community20.png'),(44,88,'community5.png'),(44,89,'community29.png'),(44,90,'community28.png'),(45,91,'community48.png'),(46,92,'community44.png'),(46,93,'community23.png'),(46,94,'community39.png'),(47,95,'community20.png'),(47,96,'community27.png'),(48,97,'community33.png'),(48,98,'community14.png'),(48,99,'community17.png'),(49,100,'community50.png'),(49,101,'community7.png'),(49,102,'community8.png'),(50,103,'community48.png'),(50,104,'community34.png');
/*!40000 ALTER TABLE `community_image` ENABLE KEYS */;
UNLOCK TABLES;

--
-- Table structure for table `community_selected_tag`
--

DROP TABLE IF EXISTS `community_selected_tag`;
/*!40101 SET @saved_cs_client     = @@character_set_client */;
/*!50503 SET character_set_client = utf8mb4 */;
CREATE TABLE `community_selected_tag` (
  `community_id` bigint DEFAULT NULL,
  `community_selected_tag` bigint NOT NULL AUTO_INCREMENT,
  `community_tag_id` bigint DEFAULT NULL,
  PRIMARY KEY (`community_selected_tag`),
  KEY `FK4yvkw9is1ik5pklugx1fqhdeu` (`community_id`),
  KEY `FKb8okvysoqb1dae4l5os4eaakx` (`community_tag_id`),
  CONSTRAINT `FK4yvkw9is1ik5pklugx1fqhdeu` FOREIGN KEY (`community_id`) REFERENCES `community` (`community_id`),
  CONSTRAINT `FKb8okvysoqb1dae4l5os4eaakx` FOREIGN KEY (`community_tag_id`) REFERENCES `community_tag` (`community_tag_id`)
) ENGINE=InnoDB AUTO_INCREMENT=251 DEFAULT CHARSET=utf8mb4 COLLATE=utf8mb4_0900_ai_ci;
/*!40101 SET character_set_client = @saved_cs_client */;

--
-- Dumping data for table `community_selected_tag`
--

LOCK TABLES `community_selected_tag` WRITE;
/*!40000 ALTER TABLE `community_selected_tag` DISABLE KEYS */;
INSERT INTO `community_selected_tag` VALUES (1,1,7),(1,2,39),(1,3,1),(1,4,28),(1,5,41),(2,6,22),(2,7,30),(2,8,24),(2,9,6),(2,10,29),(3,11,39),(3,12,9),(3,13,11),(3,14,8),(3,15,25),(4,16,31),(4,17,42),(4,18,17),(4,19,10),(4,20,29),(5,21,17),(5,22,43),(5,23,10),(5,24,38),(5,25,39),(6,26,5),(6,27,15),(6,28,22),(6,29,24),(6,30,30),(7,31,17),(7,32,15),(7,33,14),(7,34,1),(7,35,35),(8,36,18),(8,37,25),(8,38,32),(8,39,28),(8,40,6),(9,41,26),(9,42,1),(9,43,15),(9,44,38),(9,45,16),(10,46,20),(10,47,34),(10,48,43),(10,49,42),(10,50,10),(11,51,30),(11,52,3),(11,53,24),(11,54,29),(11,55,21),(12,56,36),(12,57,41),(12,58,24),(12,59,40),(12,60,26),(13,61,20),(13,62,40),(13,63,36),(13,64,27),(13,65,5),(14,66,16),(14,67,36),(14,68,31),(14,69,20),(14,70,26),(15,71,18),(15,72,19),(15,73,40),(15,74,34),(15,75,32),(16,76,36),(16,77,5),(16,78,31),(16,79,28),(16,80,2),(17,81,5),(17,82,10),(17,83,32),(17,84,7),(17,85,43),(18,86,32),(18,87,8),(18,88,20),(18,89,31),(18,90,30),(19,91,13),(19,92,12),(19,93,7),(19,94,25),(19,95,35),(20,96,22),(20,97,43),(20,98,36),(20,99,35),(20,100,27),(21,101,23),(21,102,5),(21,103,20),(21,104,38),(21,105,3),(22,106,13),(22,107,16),(22,108,29),(22,109,34),(22,110,6),(23,111,32),(23,112,25),(23,113,19),(23,114,7),(23,115,35),(24,116,22),(24,117,37),(24,118,32),(24,119,27),(24,120,8),(25,121,41),(25,122,17),(25,123,16),(25,124,8),(25,125,32),(26,126,16),(26,127,25),(26,128,19),(26,129,6),(26,130,7),(27,131,34),(27,132,43),(27,133,11),(27,134,39),(27,135,23),(28,136,1),(28,137,14),(28,138,23),(28,139,22),(28,140,12),(29,141,10),(29,142,25),(29,143,21),(29,144,39),(29,145,33),(30,146,15),(30,147,28),(30,148,8),(30,149,5),(30,150,26),(31,151,26),(31,152,41),(31,153,19),(31,154,3),(31,155,17),(32,156,32),(32,157,37),(32,158,42),(32,159,34),(32,160,5),(33,161,42),(33,162,32),(33,163,28),(33,164,16),(33,165,22),(34,166,29),(34,167,22),(34,168,9),(34,169,31),(34,170,11),(35,171,2),(35,172,25),(35,173,5),(35,174,19),(35,175,42),(36,176,25),(36,177,6),(36,178,10),(36,179,22),(36,180,34),(37,181,9),(37,182,23),(37,183,27),(37,184,31),(37,185,13),(38,186,19),(38,187,27),(38,188,3),(38,189,17),(38,190,29),(39,191,36),(39,192,3),(39,193,41),(39,194,42),(39,195,13),(40,196,4),(40,197,20),(40,198,15),(40,199,8),(40,200,32),(41,201,12),(41,202,16),(41,203,36),(41,204,24),(41,205,22),(42,206,41),(42,207,1),(42,208,21),(42,209,32),(42,210,40),(43,211,31),(43,212,11),(43,213,27),(43,214,7),(43,215,19),(44,216,39),(44,217,3),(44,218,7),(44,219,30),(44,220,35),(45,221,35),(45,222,42),(45,223,30),(45,224,10),(45,225,23),(46,226,42),(46,227,36),(46,228,33),(46,229,22),(46,230,41),(47,231,30),(47,232,11),(47,233,17),(47,234,43),(47,235,29),(48,236,27),(48,237,18),(48,238,43),(48,239,40),(48,240,23),(49,241,15),(49,242,24),(49,243,19),(49,244,12),(49,245,9),(50,246,19),(50,247,13),(50,248,3),(50,249,37),(50,250,9);
/*!40000 ALTER TABLE `community_selected_tag` ENABLE KEYS */;
UNLOCK TABLES;

--
-- Table structure for table `community_tag`
--

DROP TABLE IF EXISTS `community_tag`;
/*!40101 SET @saved_cs_client     = @@character_set_client */;
/*!50503 SET character_set_client = utf8mb4 */;
CREATE TABLE `community_tag` (
  `community_tag_id` bigint NOT NULL AUTO_INCREMENT,
  `community_tag_name` varchar(255) DEFAULT NULL,
  PRIMARY KEY (`community_tag_id`)
) ENGINE=InnoDB AUTO_INCREMENT=44 DEFAULT CHARSET=utf8mb4 COLLATE=utf8mb4_0900_ai_ci;
/*!40101 SET character_set_client = @saved_cs_client */;

--
-- Dumping data for table `community_tag`
--

LOCK TABLES `community_tag` WRITE;
/*!40000 ALTER TABLE `community_tag` DISABLE KEYS */;
INSERT INTO `community_tag` VALUES (1,'토마토'),(2,'고추'),(3,'옥수수'),(4,'오이'),(5,'콩'),(6,'가지'),(7,'무'),(8,'상추'),(9,'배추'),(10,'감자'),(11,'고구마'),(12,'대파'),(13,'베란다'),(14,'주말농장'),(15,'개인텃밭'),(16,'스쿨팜'),(17,'쌈추'),(18,'치커리'),(19,'허브'),(20,'방울토마토'),(21,'대추'),(22,'곶감'),(23,'무농약'),(24,'유기농'),(25,'친환경'),(26,'해충방제'),(27,'수확시기'),(28,'물주기'),(29,'씨앗파종'),(30,'텃밭초보'),(31,'분갈이'),(32,'비료추천'),(33,'흙선택'),(34,'텃밭정리'),(35,'주말작업'),(36,'가족농사'),(37,'도시텃밭'),(38,'초보자팁'),(39,'성장일지'),(40,'병해충예방'),(41,'화분관리'),(42,'재배도구'),(43,'농업기술');
/*!40000 ALTER TABLE `community_tag` ENABLE KEYS */;
UNLOCK TABLES;

--
-- Table structure for table `farm`
--

DROP TABLE IF EXISTS `farm`;
/*!40101 SET @saved_cs_client     = @@character_set_client */;
/*!50503 SET character_set_client = utf8mb4 */;
CREATE TABLE `farm` (
  `farm_degree_day` int DEFAULT NULL,
  `farm_is_completed` bit(1) DEFAULT NULL,
  `farm_is_deleted` bit(1) DEFAULT NULL,
  `farm_is_harvest` bit(1) DEFAULT NULL,
  `farm_complete_date` datetime(6) DEFAULT NULL,
  `farm_create_date` datetime(6) DEFAULT NULL,
  `farm_delete_date` datetime(6) DEFAULT NULL,
  `farm_harvest_date` datetime(6) DEFAULT NULL,
  `farm_id` bigint NOT NULL AUTO_INCREMENT,
  `farm_seed_date` datetime(6) DEFAULT NULL,
  `plant_id` bigint DEFAULT NULL,
  `user_id` bigint DEFAULT NULL,
  `user_place_id` bigint DEFAULT NULL,
  `farm_memo` varchar(255) DEFAULT NULL,
  `farm_plant_name` varchar(255) DEFAULT NULL,
  PRIMARY KEY (`farm_id`),
  KEY `FKip39wqbb9hdm2nb0gt5biidk0` (`plant_id`),
  KEY `FKoe5kxt8uypeompw71ylg5c48w` (`user_id`),
  KEY `FKjjypupbk736jjhd6e6hmgo4ue` (`user_place_id`),
  CONSTRAINT `FKip39wqbb9hdm2nb0gt5biidk0` FOREIGN KEY (`plant_id`) REFERENCES `plant` (`plant_id`),
  CONSTRAINT `FKjjypupbk736jjhd6e6hmgo4ue` FOREIGN KEY (`user_place_id`) REFERENCES `user_place` (`user_place_id`),
  CONSTRAINT `FKoe5kxt8uypeompw71ylg5c48w` FOREIGN KEY (`user_id`) REFERENCES `user` (`user_id`)
) ENGINE=InnoDB AUTO_INCREMENT=6 DEFAULT CHARSET=utf8mb4 COLLATE=utf8mb4_0900_ai_ci;
/*!40101 SET character_set_client = @saved_cs_client */;

--
-- Dumping data for table `farm`
--

LOCK TABLES `farm` WRITE;
/*!40000 ALTER TABLE `farm` DISABLE KEYS */;
INSERT INTO `farm` VALUES (1000,_binary '\0',_binary '\0',_binary '\0',NULL,'2024-10-10 18:15:56.836436',NULL,NULL,1,'2024-08-21 18:15:56.839436',1,11,1,'토마토 냠냠','토순이'),(0,_binary '',_binary '\0',_binary '','2024-10-10 18:15:56.942436','2024-10-10 18:15:56.940441',NULL,'2024-10-10 18:15:56.942436',2,'2024-09-20 18:15:56.942436',2,11,2,'작은 고추가 매움','작매고'),(0,_binary '\0',_binary '\0',_binary '\0',NULL,'2024-10-10 18:15:57.025437',NULL,NULL,3,'2024-09-20 18:15:57.026436',8,11,3,'쌈쌈','상충'),(1000,_binary '\0',_binary '\0',_binary '\0',NULL,'2024-10-10 18:15:57.064435',NULL,NULL,4,'2024-08-21 18:15:57.100435',1,13,4,'토마토 냠냠','토순이'),(1000,_binary '\0',_binary '\0',_binary '\0',NULL,'2024-10-10 18:15:57.099448',NULL,NULL,5,'2024-09-20 18:15:57.100435',2,13,5,'작은 고추가 매움','작매고');
/*!40000 ALTER TABLE `farm` ENABLE KEYS */;
UNLOCK TABLES;

--
-- Table structure for table `farm_manage`
--

DROP TABLE IF EXISTS `farm_manage`;
/*!40101 SET @saved_cs_client     = @@character_set_client */;
/*!50503 SET character_set_client = utf8mb4 */;
CREATE TABLE `farm_manage` (
  `farm_id` bigint DEFAULT NULL,
  `farm_manage_date` datetime(6) DEFAULT NULL,
  `farm_manage_id` bigint NOT NULL AUTO_INCREMENT,
  `farm_manage_image_path` varchar(255) DEFAULT NULL,
  `farm_manage_type` enum('FERTILIZERING','GROWTH_UPDATE','PEST_INSPECTION','WATERING') DEFAULT NULL,
  PRIMARY KEY (`farm_manage_id`),
  KEY `FKbn4li42ynwf65ngrke3dats5v` (`farm_id`),
  CONSTRAINT `FKbn4li42ynwf65ngrke3dats5v` FOREIGN KEY (`farm_id`) REFERENCES `farm` (`farm_id`)
) ENGINE=InnoDB DEFAULT CHARSET=utf8mb4 COLLATE=utf8mb4_0900_ai_ci;
/*!40101 SET character_set_client = @saved_cs_client */;

--
-- Dumping data for table `farm_manage`
--

LOCK TABLES `farm_manage` WRITE;
/*!40000 ALTER TABLE `farm_manage` DISABLE KEYS */;
/*!40000 ALTER TABLE `farm_manage` ENABLE KEYS */;
UNLOCK TABLES;

--
-- Table structure for table `farm_todo`
--

DROP TABLE IF EXISTS `farm_todo`;
/*!40101 SET @saved_cs_client     = @@character_set_client */;
/*!50503 SET character_set_client = utf8mb4 */;
CREATE TABLE `farm_todo` (
  `farm_todo_is_completed` bit(1) DEFAULT NULL,
  `farm_id` bigint DEFAULT NULL,
  `farm_todo_complete_date` datetime(6) DEFAULT NULL,
  `farm_todo_date` datetime(6) DEFAULT NULL,
  `farm_todo_id` bigint NOT NULL AUTO_INCREMENT,
  `farm_todo_title` varchar(255) DEFAULT NULL,
  `farm_todo_type` enum('FERTILIZERING','HARVESTING','NATURE','PANDEMIC','WATERING') DEFAULT NULL,
  PRIMARY KEY (`farm_todo_id`),
  KEY `FKkrfhl1mgtmscoo9394uixrna3` (`farm_id`),
  CONSTRAINT `FKkrfhl1mgtmscoo9394uixrna3` FOREIGN KEY (`farm_id`) REFERENCES `farm` (`farm_id`)
) ENGINE=InnoDB AUTO_INCREMENT=15 DEFAULT CHARSET=utf8mb4 COLLATE=utf8mb4_0900_ai_ci;
/*!40101 SET character_set_client = @saved_cs_client */;

--
-- Dumping data for table `farm_todo`
--

LOCK TABLES `farm_todo` WRITE;
/*!40000 ALTER TABLE `farm_todo` DISABLE KEYS */;
INSERT INTO `farm_todo` VALUES (_binary '\0',1,NULL,'2024-10-11 18:15:57.100435',1,'','WATERING'),(_binary '\0',1,NULL,'2024-10-16 18:15:57.102449',2,'','FERTILIZERING'),(_binary '',1,'2024-10-08 18:15:57.103439','2024-10-09 18:15:57.103439',3,'','WATERING'),(_binary '',1,'2024-10-05 18:15:57.104436','2024-10-05 18:15:57.104436',4,'','FERTILIZERING'),(_binary '\0',3,NULL,'2024-10-11 18:15:57.104436',5,'','WATERING'),(_binary '\0',3,NULL,'2024-10-16 18:15:57.105436',6,'','FERTILIZERING'),(_binary '',3,'2024-10-08 18:15:57.106435','2024-10-09 18:15:57.106435',7,'','WATERING'),(_binary '',3,'2024-10-05 18:15:57.107435','2024-10-05 18:15:57.107435',8,'','FERTILIZERING'),(_binary '\0',4,NULL,'2024-10-11 18:15:57.108436',9,'','WATERING'),(_binary '\0',4,NULL,'2024-10-16 18:15:57.109436',10,'','FERTILIZERING'),(_binary '\0',4,NULL,'2024-10-10 18:15:57.110436',11,'폭우주의보','NATURE'),(_binary '\0',5,NULL,'2024-10-11 18:15:57.111437',12,'','WATERING'),(_binary '\0',5,NULL,'2024-10-16 18:15:57.112437',13,'','FERTILIZERING'),(_binary '\0',5,NULL,'2024-10-10 18:15:57.112437',14,'호우주의보','NATURE');
/*!40000 ALTER TABLE `farm_todo` ENABLE KEYS */;
UNLOCK TABLES;

--
-- Table structure for table `favorite_place`
--

DROP TABLE IF EXISTS `favorite_place`;
/*!40101 SET @saved_cs_client     = @@character_set_client */;
/*!50503 SET character_set_client = utf8mb4 */;
CREATE TABLE `favorite_place` (
  `favorite_id` bigint NOT NULL AUTO_INCREMENT,
  `place_id` bigint DEFAULT NULL,
  `user_id` bigint DEFAULT NULL,
  PRIMARY KEY (`favorite_id`),
  KEY `FKmon8uughpdrxt7vskx5k2prji` (`place_id`),
  KEY `FKrtlnhb40rfqhkna5ijgoykgyl` (`user_id`),
  CONSTRAINT `FKmon8uughpdrxt7vskx5k2prji` FOREIGN KEY (`place_id`) REFERENCES `place` (`place_id`),
  CONSTRAINT `FKrtlnhb40rfqhkna5ijgoykgyl` FOREIGN KEY (`user_id`) REFERENCES `user` (`user_id`)
) ENGINE=InnoDB AUTO_INCREMENT=6 DEFAULT CHARSET=utf8mb4 COLLATE=utf8mb4_0900_ai_ci;
/*!40101 SET character_set_client = @saved_cs_client */;

--
-- Dumping data for table `favorite_place`
--

LOCK TABLES `favorite_place` WRITE;
/*!40000 ALTER TABLE `favorite_place` DISABLE KEYS */;
INSERT INTO `favorite_place` VALUES (1,1,11),(2,2,11),(3,1,12),(4,1,13),(5,2,13);
/*!40000 ALTER TABLE `favorite_place` ENABLE KEYS */;
UNLOCK TABLES;

--
-- Table structure for table `favorite_plant`
--

DROP TABLE IF EXISTS `favorite_plant`;
/*!40101 SET @saved_cs_client     = @@character_set_client */;
/*!50503 SET character_set_client = utf8mb4 */;
CREATE TABLE `favorite_plant` (
  `favorite_id` bigint NOT NULL AUTO_INCREMENT,
  `plant_id` bigint DEFAULT NULL,
  `user_id` bigint DEFAULT NULL,
  PRIMARY KEY (`favorite_id`),
  KEY `FKs072vitkakpinb976q768knm` (`plant_id`),
  KEY `FKbrgq615nw2id4uuvj98puf8d1` (`user_id`),
  CONSTRAINT `FKbrgq615nw2id4uuvj98puf8d1` FOREIGN KEY (`user_id`) REFERENCES `user` (`user_id`),
  CONSTRAINT `FKs072vitkakpinb976q768knm` FOREIGN KEY (`plant_id`) REFERENCES `plant` (`plant_id`)
) ENGINE=InnoDB AUTO_INCREMENT=6 DEFAULT CHARSET=utf8mb4 COLLATE=utf8mb4_0900_ai_ci;
/*!40101 SET character_set_client = @saved_cs_client */;

--
-- Dumping data for table `favorite_plant`
--

LOCK TABLES `favorite_plant` WRITE;
/*!40000 ALTER TABLE `favorite_plant` DISABLE KEYS */;
INSERT INTO `favorite_plant` VALUES (1,1,11),(2,2,11),(3,1,12),(4,1,13),(5,2,13);
/*!40000 ALTER TABLE `favorite_plant` ENABLE KEYS */;
UNLOCK TABLES;

--
-- Table structure for table `place`
--

DROP TABLE IF EXISTS `place`;
/*!40101 SET @saved_cs_client     = @@character_set_client */;
/*!50503 SET character_set_client = utf8mb4 */;
CREATE TABLE `place` (
  `place_is_on` bit(1) DEFAULT NULL,
  `place_id` bigint NOT NULL AUTO_INCREMENT,
  `place_desc` varchar(255) DEFAULT NULL,
  `place_name` varchar(255) DEFAULT NULL,
  PRIMARY KEY (`place_id`)
) ENGINE=InnoDB AUTO_INCREMENT=5 DEFAULT CHARSET=utf8mb4 COLLATE=utf8mb4_0900_ai_ci;
/*!40101 SET character_set_client = @saved_cs_client */;

--
-- Dumping data for table `place`
--

LOCK TABLES `place` WRITE;
/*!40000 ALTER TABLE `place` DISABLE KEYS */;
INSERT INTO `place` VALUES (_binary '',1,'베란다는 베란다입니다','베란다'),(_binary '',2,'주말농장은 주말농장입니다.','주말농장'),(_binary '\0',3,'개인텃밭은 개인텃밭입니다.','개인텃밭'),(_binary '\0',4,'스쿨팜은 스쿨팜입니다.','스쿨팜');
/*!40000 ALTER TABLE `place` ENABLE KEYS */;
UNLOCK TABLES;

--
-- Table structure for table `plant`
--

DROP TABLE IF EXISTS `plant`;
/*!40101 SET @saved_cs_client     = @@character_set_client */;
/*!50503 SET character_set_client = utf8mb4 */;
CREATE TABLE `plant` (
  `plant_degree_day` int DEFAULT NULL,
  `plant_is_on` bit(1) DEFAULT NULL,
  `plant_id` bigint NOT NULL AUTO_INCREMENT,
  `plant_name` varchar(255) DEFAULT NULL,
  PRIMARY KEY (`plant_id`)
) ENGINE=InnoDB AUTO_INCREMENT=13 DEFAULT CHARSET=utf8mb4 COLLATE=utf8mb4_0900_ai_ci;
/*!40101 SET character_set_client = @saved_cs_client */;

--
-- Dumping data for table `plant`
--

LOCK TABLES `plant` WRITE;
/*!40000 ALTER TABLE `plant` DISABLE KEYS */;
INSERT INTO `plant` VALUES (1940,_binary '',1,'토마토'),(1746,_binary '',2,'고추'),(2134,_binary '\0',3,'옥수수'),(742,_binary '\0',4,'오이'),(1060,_binary '\0',5,'콩'),(1378,_binary '',6,'가지'),(1360,_binary '',7,'무'),(776,_binary '\0',8,'상추'),(1940,_binary '\0',9,'배추'),(1060,_binary '\0',10,'감자'),(1500,_binary '',11,'고구마'),(2910,_binary '',12,'대파');
/*!40000 ALTER TABLE `plant` ENABLE KEYS */;
UNLOCK TABLES;

--
-- Table structure for table `plant_growth_illust`
--

DROP TABLE IF EXISTS `plant_growth_illust`;
/*!40101 SET @saved_cs_client     = @@character_set_client */;
/*!50503 SET character_set_client = utf8mb4 */;
CREATE TABLE `plant_growth_illust` (
  `plant_growth_illust_step` int DEFAULT NULL,
  `plant_growth_illust_id` bigint NOT NULL AUTO_INCREMENT,
  `plant_id` bigint DEFAULT NULL,
  `plant_growth_illust_image_path` varchar(255) DEFAULT NULL,
  PRIMARY KEY (`plant_growth_illust_id`),
  KEY `FKiyjwdjpjtb509gws1j64xnskb` (`plant_id`),
  CONSTRAINT `FKiyjwdjpjtb509gws1j64xnskb` FOREIGN KEY (`plant_id`) REFERENCES `plant` (`plant_id`)
) ENGINE=InnoDB AUTO_INCREMENT=43 DEFAULT CHARSET=utf8mb4 COLLATE=utf8mb4_0900_ai_ci;
/*!40101 SET character_set_client = @saved_cs_client */;

--
-- Dumping data for table `plant_growth_illust`
--

LOCK TABLES `plant_growth_illust` WRITE;
/*!40000 ALTER TABLE `plant_growth_illust` DISABLE KEYS */;
INSERT INTO `plant_growth_illust` VALUES (1,1,1,'plant/토마토1.png'),(2,2,1,'plant/토마토2.png'),(3,3,1,'plant/토마토3.png'),(4,4,1,'plant/토마토4.png'),(1,5,2,'plant/고추1.png'),(2,6,2,'plant/고추2.png'),(3,7,2,'plant/고추3.png'),(4,8,2,'plant/고추4.png'),(1,9,3,'plant/옥수수1.png'),(2,10,3,'plant/옥수수2.png'),(3,11,3,'plant/옥수수3.png'),(4,12,3,'plant/옥수수4.png'),(1,13,4,'plant/오이1.png'),(2,14,4,'plant/오이2.png'),(3,15,4,'plant/오이3.png'),(4,16,4,'plant/오이4.png'),(1,17,5,'plant/콩1.png'),(2,18,5,'plant/콩2.png'),(3,19,5,'plant/콩3.png'),(4,20,5,'plant/콩4.png'),(1,21,6,'plant/가지1.png'),(2,22,6,'plant/가지2.png'),(3,23,6,'plant/가지3.png'),(4,24,6,'plant/가지4.png'),(1,25,7,'plant/무1.png'),(2,26,7,'plant/무2.png'),(3,27,7,'plant/무3.png'),(1,28,8,'plant/상추1.png'),(2,29,8,'plant/상추2.png'),(3,30,8,'plant/상추3.png'),(1,31,9,'plant/배추1.png'),(2,32,9,'plant/배추2.png'),(3,33,9,'plant/배추3.png'),(1,34,10,'plant/감자1.png'),(2,35,10,'plant/감자2.png'),(3,36,10,'plant/감자3.png'),(1,37,11,'plant/고구마1.png'),(2,38,11,'plant/고구마2.png'),(3,39,11,'plant/고구마3.png'),(1,40,12,'plant/대파1.png'),(2,41,12,'plant/대파2.png'),(3,42,12,'plant/대파3.png');
/*!40000 ALTER TABLE `plant_growth_illust` ENABLE KEYS */;
UNLOCK TABLES;

--
-- Table structure for table `plant_threshold`
--

DROP TABLE IF EXISTS `plant_threshold`;
/*!40101 SET @saved_cs_client     = @@character_set_client */;
/*!50503 SET character_set_client = utf8mb4 */;
CREATE TABLE `plant_threshold` (
  `plant_threshold_degree_day` int DEFAULT NULL,
  `plant_threshold_step` int DEFAULT NULL,
  `plant_id` bigint DEFAULT NULL,
  `plant_threshold_id` bigint NOT NULL AUTO_INCREMENT,
  PRIMARY KEY (`plant_threshold_id`),
  KEY `FKd64idtunsfo3ueh7r6tm298xr` (`plant_id`),
  CONSTRAINT `FKd64idtunsfo3ueh7r6tm298xr` FOREIGN KEY (`plant_id`) REFERENCES `plant` (`plant_id`)
) ENGINE=InnoDB AUTO_INCREMENT=31 DEFAULT CHARSET=utf8mb4 COLLATE=utf8mb4_0900_ai_ci;
/*!40101 SET character_set_client = @saved_cs_client */;

--
-- Dumping data for table `plant_threshold`
--

LOCK TABLES `plant_threshold` WRITE;
/*!40000 ALTER TABLE `plant_threshold` DISABLE KEYS */;
INSERT INTO `plant_threshold` VALUES (510,1,1,1),(1060,2,1,2),(1940,3,1,3),(255,1,2,4),(848,2,2,5),(1746,3,2,6),(204,1,3,7),(742,2,3,8),(2134,3,3,9),(178,1,4,10),(602,2,4,11),(742,3,4,12),(204,1,5,13),(742,2,5,14),(1060,3,5,15),(255,1,6,16),(954,2,6,17),(1378,3,6,18),(680,1,7,19),(1360,2,7,20),(388,1,8,21),(776,2,8,22),(970,1,9,23),(1940,2,9,24),(530,1,10,25),(1060,2,10,26),(750,1,11,27),(1500,2,11,28),(1455,1,12,29),(2910,2,12,30);
/*!40000 ALTER TABLE `plant_threshold` ENABLE KEYS */;
UNLOCK TABLES;

--
-- Table structure for table `recommend_place`
--

DROP TABLE IF EXISTS `recommend_place`;
/*!40101 SET @saved_cs_client     = @@character_set_client */;
/*!50503 SET character_set_client = utf8mb4 */;
CREATE TABLE `recommend_place` (
  `place_id` bigint DEFAULT NULL,
  `recommend_place_id` bigint NOT NULL AUTO_INCREMENT,
  `user_id` bigint DEFAULT NULL,
  PRIMARY KEY (`recommend_place_id`),
  KEY `FK3bq9s4eaubik9us9jjxbie64r` (`place_id`),
  KEY `FK1xs1xqeaij5ui4gdfljs1d6w9` (`user_id`),
  CONSTRAINT `FK1xs1xqeaij5ui4gdfljs1d6w9` FOREIGN KEY (`user_id`) REFERENCES `user` (`user_id`),
  CONSTRAINT `FK3bq9s4eaubik9us9jjxbie64r` FOREIGN KEY (`place_id`) REFERENCES `place` (`place_id`)
) ENGINE=InnoDB AUTO_INCREMENT=4 DEFAULT CHARSET=utf8mb4 COLLATE=utf8mb4_0900_ai_ci;
/*!40101 SET character_set_client = @saved_cs_client */;

--
-- Dumping data for table `recommend_place`
--

LOCK TABLES `recommend_place` WRITE;
/*!40000 ALTER TABLE `recommend_place` DISABLE KEYS */;
INSERT INTO `recommend_place` VALUES (1,1,11),(2,2,11),(3,3,11);
/*!40000 ALTER TABLE `recommend_place` ENABLE KEYS */;
UNLOCK TABLES;

--
-- Table structure for table `recommend_plant`
--

DROP TABLE IF EXISTS `recommend_plant`;
/*!40101 SET @saved_cs_client     = @@character_set_client */;
/*!50503 SET character_set_client = utf8mb4 */;
CREATE TABLE `recommend_plant` (
  `plant_id` bigint DEFAULT NULL,
  `recommend_plant_id` bigint NOT NULL AUTO_INCREMENT,
  `user_id` bigint DEFAULT NULL,
  PRIMARY KEY (`recommend_plant_id`),
  KEY `FKklb8r0osle5k8ndx2rdn563rs` (`plant_id`),
  KEY `FKj85unwtd8xbo1idtjpip32gda` (`user_id`),
  CONSTRAINT `FKj85unwtd8xbo1idtjpip32gda` FOREIGN KEY (`user_id`) REFERENCES `user` (`user_id`),
  CONSTRAINT `FKklb8r0osle5k8ndx2rdn563rs` FOREIGN KEY (`plant_id`) REFERENCES `plant` (`plant_id`)
) ENGINE=InnoDB AUTO_INCREMENT=5 DEFAULT CHARSET=utf8mb4 COLLATE=utf8mb4_0900_ai_ci;
/*!40101 SET character_set_client = @saved_cs_client */;

--
-- Dumping data for table `recommend_plant`
--

LOCK TABLES `recommend_plant` WRITE;
/*!40000 ALTER TABLE `recommend_plant` DISABLE KEYS */;
INSERT INTO `recommend_plant` VALUES (1,1,11),(2,2,11),(3,3,11),(4,4,11);
/*!40000 ALTER TABLE `recommend_plant` ENABLE KEYS */;
UNLOCK TABLES;

--
-- Table structure for table `user`
--

DROP TABLE IF EXISTS `user`;
/*!40101 SET @saved_cs_client     = @@character_set_client */;
/*!50503 SET character_set_client = utf8mb4 */;
CREATE TABLE `user` (
  `user_age` int DEFAULT NULL,
  `user_allow_push` bit(1) DEFAULT NULL,
  `user_is_first_login` bit(1) DEFAULT NULL,
  `user_id` bigint NOT NULL AUTO_INCREMENT,
  `user_reg_date` datetime(6) DEFAULT NULL,
  `user_addr` varchar(255) DEFAULT NULL,
  `user_email` varchar(255) DEFAULT NULL,
  `user_image_path` varchar(255) DEFAULT NULL,
  `user_nickname` varchar(255) DEFAULT NULL,
  `user_pwd` varchar(255) DEFAULT NULL,
  `user_gender` enum('FEMALE','MALE') DEFAULT NULL,
  PRIMARY KEY (`user_id`),
  UNIQUE KEY `UKj09k2v8lxofv2vecxu2hde9so` (`user_email`),
  UNIQUE KEY `UKcr59axqya8utby3j37qi341rm` (`user_nickname`)
) ENGINE=InnoDB AUTO_INCREMENT=14 DEFAULT CHARSET=utf8mb4 COLLATE=utf8mb4_0900_ai_ci;
/*!40101 SET character_set_client = @saved_cs_client */;

--
-- Dumping data for table `user`
--

LOCK TABLES `user` WRITE;
/*!40000 ALTER TABLE `user` DISABLE KEYS */;
INSERT INTO `user` VALUES (21,_binary '',_binary '',1,'2024-10-10 18:15:56.534451','경상북도 구미시','test1@email.com','불꽃토마토.png','불꽃토마토','1234','MALE'),(22,_binary '',_binary '',2,'2024-10-10 18:15:56.538436','경상북도 구미시','test2@email.com','농슐랭3스타.png','농슐랭3스타','1234','MALE'),(23,_binary '',_binary '',3,'2024-10-10 18:15:56.539436','경상북도 구미시','test3@email.com','농사하는돌아이.png','농사하는돌아이','1234','MALE'),(24,_binary '',_binary '',4,'2024-10-10 18:15:56.539436','경상북도 구미시','test4@email.com','농부카세.png','농부카세','1234','MALE'),(25,_binary '',_binary '',5,'2024-10-10 18:15:56.540436','경상북도 구미시','test5@email.com','농부여신.png','농부여신','1234','MALE'),(26,_binary '',_binary '',6,'2024-10-10 18:15:56.541436','경상북도 구미시','test6@email.com','농사대가.png','농사대가','1234','MALE'),(27,_binary '',_binary '',7,'2024-10-10 18:15:56.542436','경상북도 구미시','test7@email.com','주말엔농부.png','주말엔농부','1234','MALE'),(28,_binary '',_binary '',8,'2024-10-10 18:15:56.542436','경상북도 구미시','test8@email.com','당근조아.png','당근조아','1234','MALE'),(29,_binary '',_binary '',9,'2024-10-10 18:15:56.543436','경상북도 구미시','test9@email.com','토마토조아.png','토마토조아','1234','MALE'),(30,_binary '',_binary '',10,'2024-10-10 18:15:56.544436','경상북도 구미시','test10@email.com','청양고추조아.png','청양고추조아','1234','MALE'),(25,_binary '',_binary '',11,'2024-10-10 18:15:56.545436','경상북도 구미시','farm1@email.com','farmer1.png','내손이호미','1234','MALE'),(25,_binary '',_binary '',12,'2024-10-10 18:15:56.563435','경상북도 구미시','farm2@email.com','farmer2.png','귀농각','1234','MALE'),(30,_binary '',_binary '',13,'2024-10-10 18:15:56.565435','대구광역시 달성군','mainpage@email.com','mainpage.png','농부의정원','1234','MALE');
/*!40000 ALTER TABLE `user` ENABLE KEYS */;
UNLOCK TABLES;

--
-- Table structure for table `user_place`
--

DROP TABLE IF EXISTS `user_place`;
/*!40101 SET @saved_cs_client     = @@character_set_client */;
/*!50503 SET character_set_client = utf8mb4 */;
CREATE TABLE `user_place` (
  `place_id` bigint DEFAULT NULL,
  `user_id` bigint DEFAULT NULL,
  `user_place_id` bigint NOT NULL AUTO_INCREMENT,
  `user_place_bname1` varchar(255) DEFAULT NULL,
  `user_place_bname2` varchar(255) DEFAULT NULL,
  `user_place_bunji` varchar(255) DEFAULT NULL,
  `user_place_jibun` varchar(255) DEFAULT NULL,
  `user_place_latitude` varchar(255) DEFAULT NULL,
  `user_place_longitude` varchar(255) DEFAULT NULL,
  `user_place_name` varchar(255) DEFAULT NULL,
  `user_place_sido` varchar(255) DEFAULT NULL,
  `user_place_sigugun` varchar(255) DEFAULT NULL,
  `zonecode` varchar(255) DEFAULT NULL,
  PRIMARY KEY (`user_place_id`),
  KEY `FK9wjh061jpvius9orli92qrogn` (`place_id`),
  KEY `FK5suxomrqjbns6fuj8eih8wyr7` (`user_id`),
  CONSTRAINT `FK5suxomrqjbns6fuj8eih8wyr7` FOREIGN KEY (`user_id`) REFERENCES `user` (`user_id`),
  CONSTRAINT `FK9wjh061jpvius9orli92qrogn` FOREIGN KEY (`place_id`) REFERENCES `place` (`place_id`)
) ENGINE=InnoDB AUTO_INCREMENT=6 DEFAULT CHARSET=utf8mb4 COLLATE=utf8mb4_0900_ai_ci;
/*!40101 SET character_set_client = @saved_cs_client */;

--
-- Dumping data for table `user_place`
--

LOCK TABLES `user_place` WRITE;
/*!40000 ALTER TABLE `user_place` DISABLE KEYS */;
INSERT INTO `user_place` VALUES (1,11,1,'','임수동','94-1','경북 구미시 임수동 94-1','36.1081929','128.4139754','베란다','경북','구미시','39388'),(2,11,2,'','임수동','94-1','경북 구미시 임수동 94-1','36.1081929','128.4139754','주말농장','경북','구미시','39388'),(3,11,3,'','임수동','94-1','경북 구미시 임수동 94-1','36.1081929','128.4139754','개인텃밭','경북','구미시','39388'),(1,13,4,'','임수동','94-1','경북 구미시 임수동 94-1','36.1081929','128.4139754','베란다','경북','구미시','39388'),(2,13,5,'','임수동','94-1','경북 구미시 임수동 94-1','36.1081929','128.4139754','주말농장','경북','구미시','39388');
/*!40000 ALTER TABLE `user_place` ENABLE KEYS */;
UNLOCK TABLES;

--
-- Table structure for table `weekend_farm`
--

DROP TABLE IF EXISTS `weekend_farm`;
/*!40101 SET @saved_cs_client     = @@character_set_client */;
/*!50503 SET character_set_client = utf8mb4 */;
CREATE TABLE `weekend_farm` (
  `weekend_farm_id` bigint NOT NULL AUTO_INCREMENT,
  `weekend_farm_image_path` varchar(3000) DEFAULT NULL,
  `weekend_farm_addr` varchar(255) DEFAULT NULL,
  `weekend_farm_desc` varchar(255) DEFAULT NULL,
  `weekend_farm_latitude` varchar(255) DEFAULT NULL,
  `weekend_farm_longitude` varchar(255) DEFAULT NULL,
  `weekend_farm_name` varchar(255) DEFAULT NULL,
  PRIMARY KEY (`weekend_farm_id`)
) ENGINE=InnoDB AUTO_INCREMENT=222 DEFAULT CHARSET=utf8mb4 COLLATE=utf8mb4_0900_ai_ci;
/*!40101 SET character_set_client = @saved_cs_client */;

--
-- Dumping data for table `weekend_farm`
--

LOCK TABLES `weekend_farm` WRITE;
/*!40000 ALTER TABLE `weekend_farm` DISABLE KEYS */;
INSERT INTO `weekend_farm` VALUES (1,'https://s3.ap-northeast-2.amazonaws.com/event-localnaeil/FileData/Article/201805/8132de1b-3fcc-462f-8b51-b8b0e9ddc3ca.jpg','경기도 남양주시 조안면 송촌리 964','맑은 약수터 근처에서 즐기는 주말농장.','37.5781525','127.3135846','송촌약수터농장'),(2,'https://lh5.googleusercontent.com/proxy/TVwtKmx13x_Uh09B17N3UjZevGNe7156614cbQxZu3w32v0DPfmrxSDMxSSIEJ8HYZX-slAi04U6yTp3F1T2OcSS0W2CxcS12EZxlXkLLHfgBw','경기도 남양주시 조안면 삼봉리 347','가족과 함께 삼봉리에서 농작물을 기를 수 있습니다.','37.5901249','127.3372507','삼봉아양농장'),(3,'https://lh4.googleusercontent.com/proxy/p2Z0qS2lrNQ3jAz2tAfSxCQE2CrnTO-wyGADaC8OHf5CBVor9YB9VjPOx0_kneWVDCn2TXI5hTdBvZB0YIQ24SGlNUq4m6JqXTfEsvqvc2TtVMI','경기도 양평군 양서면 부용리 647-1','양서면 부용리에 위치한 아름다운 농장입니다.','37.5504903','127.3391084','양수가정농장'),(4,'https://dnvefa72aowie.cloudfront.net/business-profile/bizPlatform/profile/20035985/1646351788165/ee646eca543e8413ca6b625263159ee556826c2b28dba9d27ede130d42497c71.jpeg?q=95&s=1440x1440&t=inside','경기도 양평군 양서면 부용리 582-1','부용리에서 자연을 가까이 느낄 수 있는 텃밭입니다.','37.5525565','127.3370065','부용리농장'),(5,'https://lh3.googleusercontent.com/proxy/IxlIm4IuCqhaaX6BQE1nNs15K1Ox-NGKP2-Vmbzujxe_dSEOaP3j-g4f7LDlrAa8kfwBWy6JShQPdiJh985BrEYg7BYH831yuuN6nair-Cs','경기도 양평군 서종면 수능리 395-1','수능리에서 즐길 수 있는 힐링 농장.','37.5997975','127.3708545','수능리농장'),(6,'https://mblogthumb-phinf.pstatic.net/MjAxNzExMTJfMjkz/MDAxNTEwNDYyMzk4NzI4.mJMHYiisDjBSo25EAdX8HIxXeP-C58oBP2wkWMKTwOMg.D9Pbp2iBcAh2QNKCmy44LG4PxWiGFBJCOpSdEbPFVwkg.JPEG.navil1/20170425_110610.jpg?type=w800','경기도 광주시 남종면 귀여리 393-2','자연 속에서 편안하게 농작물을 키울 수 있는 곳입니다.','37.5036109','127.3258825','귀여리농장'),(7,'https://lh5.googleusercontent.com/proxy/TVwtKmx13x_Uh09B17N3UjZevGNe7156614cbQxZu3w32v0DPfmrxSDMxSSIEJ8HYZX-slAi04U6yTp3F1T2OcSS0W2CxcS12EZxlXkLLHfgBw','경기도 광주시 퇴촌면 도마리 203','농작물 재배와 힐링을 동시에 할 수 있는 도마리농장.','37.4672443','127.2764458','도마리농장'),(8,'https://lh3.googleusercontent.com/proxy/IxlIm4IuCqhaaX6BQE1nNs15K1Ox-NGKP2-Vmbzujxe_dSEOaP3j-g4f7LDlrAa8kfwBWy6JShQPdiJh985BrEYg7BYH831yuuN6nair-Cs','경기도 고양시 덕양구 성사동 617-3','도심에서 농사 체험을 즐길 수 있는 성사동 농장입니다.','37.6647092','126.8461644','성사동농장'),(9,'https://lh5.googleusercontent.com/proxy/-zBLVYyldzTYyZqh9elGbVQ1CsxpqOrOzRhwxe0tnOpp6ojLZ8QhMwWIBg7jvjwrhHvbMBYGZHf_PwBF44V4D-HRrb3I7JlpZV_vXT9lHYUjltQ','경기도 고양시 덕양구 성사동 604-3','성사동 수역이 근처에서 자연을 만끽할 수 있는 농장입니다.','37.6639723','126.8487042','수역이농장'),(10,'https://encrypted-tbn0.gstatic.com/images?q=tbn:ANd9GcS0UUiobRlzXn8FWO9EZ_uJ0foF6QV4l3v1CA&s','경기도 고양시 덕양구 원당동 209-2','원당동 지역 주민들이 즐겨 찾는 주말농장입니다.','37.6659695','126.8545443','원당동농장'),(11,'https://dnvefa72aowie.cloudfront.net/business-profile/bizPlatform/profile/20035985/1646351788165/ee646eca543e8413ca6b625263159ee556826c2b28dba9d27ede130d42497c71.jpeg?q=95&s=1440x1440&t=inside','서울특별시 강서구 개화동 497-2','개화동에서 운영되는 황금 텃밭 농장입니다.','37.5806862','126.7913716','황금텃밭농장'),(12,'https://encrypted-tbn0.gstatic.com/images?q=tbn:ANd9GcS0UUiobRlzXn8FWO9EZ_uJ0foF6QV4l3v1CA&s','서울특별시 강남구 세곡동 13-2','세곡천을 따라 자연을 즐기며 농작물을 기를 수 있습니다.','37.4638768','127.1190239','세곡천 제1힐링텃밭'),(13,'https://mblogthumb-phinf.pstatic.net/MjAxNzExMTJfMjkz/MDAxNTEwNDYyMzk4NzI4.mJMHYiisDjBSo25EAdX8HIxXeP-C58oBP2wkWMKTwOMg.D9Pbp2iBcAh2QNKCmy44LG4PxWiGFBJCOpSdEbPFVwkg.JPEG.navil1/20170425_110610.jpg?type=w800','서울특별시 강남구 세곡동 24','자연과 함께 힐링할 수 있는 세곡천 제2 텃밭.','37.4644647','127.1186076','세곡천 제2힐링텃밭'),(14,'https://lh4.googleusercontent.com/proxy/p2Z0qS2lrNQ3jAz2tAfSxCQE2CrnTO-wyGADaC8OHf5CBVor9YB9VjPOx0_kneWVDCn2TXI5hTdBvZB0YIQ24SGlNUq4m6JqXTfEsvqvc2TtVMI','서울특별시 강동구 강일동 138-21','가래여울에서 자연과 함께 농사를 지을 수 있는 텃밭입니다.','37.5772515','127.1695886','가래여울1텃밭'),(15,'https://s3.ap-northeast-2.amazonaws.com/event-localnaeil/FileData/Article/201805/8132de1b-3fcc-462f-8b51-b8b0e9ddc3ca.jpg','서울특별시 강동구 강일동 144-1','강동구 가래여울의 작은 규모 텃밭입니다.','37.5772042','127.1674789','가래여울2텃밭'),(16,'https://lh5.googleusercontent.com/proxy/-zBLVYyldzTYyZqh9elGbVQ1CsxpqOrOzRhwxe0tnOpp6ojLZ8QhMwWIBg7jvjwrhHvbMBYGZHf_PwBF44V4D-HRrb3I7JlpZV_vXT9lHYUjltQ','서울특별시 강동구 강일동 33-3','도심 속 자연에서 즐길 수 있는 강일 텃밭입니다.','37.5783818','127.1752712','강일텃밭'),(17,'https://lh3.googleusercontent.com/proxy/IxlIm4IuCqhaaX6BQE1nNs15K1Ox-NGKP2-Vmbzujxe_dSEOaP3j-g4f7LDlrAa8kfwBWy6JShQPdiJh985BrEYg7BYH831yuuN6nair-Cs','서울특별시 강동구 둔촌동 599','서울 강동구에서 가족 단위로 즐길 수 있는 텃밭입니다.','37.5321138','127.1493637','일자산텃밭'),(18,'https://dnvefa72aowie.cloudfront.net/business-profile/bizPlatform/profile/20035985/1646351788165/ee646eca543e8413ca6b625263159ee556826c2b28dba9d27ede130d42497c71.jpeg?q=95&s=1440x1440&t=inside','서울특별시 강동구 암사동 132-2','힐링과 농작물 재배를 동시에 할 수 있는 암사동의 힐링팜입니다.','37.5601358','127.1334688','강동힐링팜'),(19,'https://lh5.googleusercontent.com/proxy/-zBLVYyldzTYyZqh9elGbVQ1CsxpqOrOzRhwxe0tnOpp6ojLZ8QhMwWIBg7jvjwrhHvbMBYGZHf_PwBF44V4D-HRrb3I7JlpZV_vXT9lHYUjltQ','서울특별시 강동구 암사동 603-3','도심 속에서 자연을 만끽할 수 있는 암사동 텃밭입니다.','37.5550261','127.1260272','암사텃밭'),(20,'https://lh3.googleusercontent.com/proxy/IxlIm4IuCqhaaX6BQE1nNs15K1Ox-NGKP2-Vmbzujxe_dSEOaP3j-g4f7LDlrAa8kfwBWy6JShQPdiJh985BrEYg7BYH831yuuN6nair-Cs','서울특별시 강북구 수유동 594-1','수유동에 위치한 도시농업 체험장입니다.','37.6463233','127.0040944','강북도시농업체험장'),(21,'https://mblogthumb-phinf.pstatic.net/MjAxNzExMTJfMjkz/MDAxNTEwNDYyMzk4NzI4.mJMHYiisDjBSo25EAdX8HIxXeP-C58oBP2wkWMKTwOMg.D9Pbp2iBcAh2QNKCmy44LG4PxWiGFBJCOpSdEbPFVwkg.JPEG.navil1/20170425_110610.jpg?type=w800','서울특별시 강서구 오곡동 417-2','강서구 오곡동에 위치한 주말농장입니다.','37.5574064','126.7798750','오곡텃밭농장'),(22,'https://dnvefa72aowie.cloudfront.net/business-profile/bizPlatform/profile/20035985/1646351788165/ee646eca543e8413ca6b625263159ee556826c2b28dba9d27ede130d42497c71.jpeg?q=95&s=1440x1440&t=inside','서울특별시 관악구 봉천동 1529-1','관악구 봉천동의 충효 텃밭입니다.','37.4806811','126.9406387','충효텃밭'),(23,'https://lh5.googleusercontent.com/proxy/-zBLVYyldzTYyZqh9elGbVQ1CsxpqOrOzRhwxe0tnOpp6ojLZ8QhMwWIBg7jvjwrhHvbMBYGZHf_PwBF44V4D-HRrb3I7JlpZV_vXT9lHYUjltQ','서울특별시 관악구 봉천동 234-1','낙성대에서 자연을 만끽할 수 있는 텃밭입니다.','37.4689213','126.9596650','낙성대텃밭'),(24,'https://lh4.googleusercontent.com/proxy/p2Z0qS2lrNQ3jAz2tAfSxCQE2CrnTO-wyGADaC8OHf5CBVor9YB9VjPOx0_kneWVDCn2TXI5hTdBvZB0YIQ24SGlNUq4m6JqXTfEsvqvc2TtVMI','서울특별시 관악구 봉천동 259-1','관악구 봉천동의 강감찬 텃밭에서 농작물 재배를 체험하세요.','37.4710370','126.9574293','강감찬텃밭'),(25,'https://lh5.googleusercontent.com/proxy/TVwtKmx13x_Uh09B17N3UjZevGNe7156614cbQxZu3w32v0DPfmrxSDMxSSIEJ8HYZX-slAi04U6yTp3F1T2OcSS0W2CxcS12EZxlXkLLHfgBw','서울특별시 관악구 봉천동 556-90','청룡산 자락에서 즐기는 도심 텃밭입니다.','37.4768024','126.9493733','청룡산텃밭'),(26,'https://s3.ap-northeast-2.amazonaws.com/event-localnaeil/FileData/Article/201805/8132de1b-3fcc-462f-8b51-b8b0e9ddc3ca.jpg','서울특별시 관악구 신림동 산86-6','신림동에서 도시 농업을 체험할 수 있는 공원입니다.','37.4639232','126.9279513','관악도시농업공원'),(27,'https://lh5.googleusercontent.com/proxy/-zBLVYyldzTYyZqh9elGbVQ1CsxpqOrOzRhwxe0tnOpp6ojLZ8QhMwWIBg7jvjwrhHvbMBYGZHf_PwBF44V4D-HRrb3I7JlpZV_vXT9lHYUjltQ','서울특별시 관악구 신림동 산9-9','도심 속에서 농작물을 재배할 수 있는 서림동 텃밭입니다.','37.4682015','126.9485599','서림동텃밭'),(28,'https://encrypted-tbn0.gstatic.com/images?q=tbn:ANd9GcS0UUiobRlzXn8FWO9EZ_uJ0foF6QV4l3v1CA&s','서울특별시 광진구 광장동 378','광진구 아차산에서 자투리 텃밭을 운영 중입니다.','37.5494094','127.1012795','아차산 자투리텃밭'),(29,'https://lh5.googleusercontent.com/proxy/TVwtKmx13x_Uh09B17N3UjZevGNe7156614cbQxZu3w32v0DPfmrxSDMxSSIEJ8HYZX-slAi04U6yTp3F1T2OcSS0W2CxcS12EZxlXkLLHfgBw','서울특별시 광진구 광장동 401-24','자연 속에서 학습할 수 있는 광진구 텃밭입니다.','37.5453631','127.1006480','광나루 자연학습장'),(30,'https://mblogthumb-phinf.pstatic.net/MjAxNzExMTJfMjkz/MDAxNTEwNDYyMzk4NzI4.mJMHYiisDjBSo25EAdX8HIxXeP-C58oBP2wkWMKTwOMg.D9Pbp2iBcAh2QNKCmy44LG4PxWiGFBJCOpSdEbPFVwkg.JPEG.navil1/20170425_110610.jpg?type=w800','서울특별시 광진구 광장동 582-3','광진구 자투리 텃밭에서 직접 농작물을 재배해보세요.','37.5444734','127.0993297','광장동 자투리텃밭'),(31,'https://lh5.googleusercontent.com/proxy/IxlIm4IuCqhaaX6BQE1nNs15K1Ox-NGKP2-Vmbzujxe_dSEOaP3j-g4f7LDlrAa8kfwBWy6JShQPdiJh985BrEYg7BYH831yuuN6nair-Cs','서울특별시 광진구 중곡동 503-28','중랑천 근처에서 자투리 땅을 이용한 텃밭입니다.','37.5688496','127.0779629','중랑천 자투리텃밭'),(32,'https://s3.ap-northeast-2.amazonaws.com/event-localnaeil/FileData/Article/201805/8132de1b-3fcc-462f-8b51-b8b0e9ddc3ca.jpg','서울특별시 구로구 궁동 4','구로구 궁동에서 운영되는 주말농장 구역 1입니다.','37.5059286','126.8286803','주말농장1구역'),(33,'https://lh3.googleusercontent.com/proxy/IxlIm4IuCqhaaX6BQE1nNs15K1Ox-NGKP2-Vmbzujxe_dSEOaP3j-g4f7LDlrAa8kfwBWy6JShQPdiJh985BrEYg7BYH831yuuN6nair-Cs','서울특별시 구로구 궁동 53-2','궁동에서 운영되는 주말농장 구역 2입니다.','37.5009543','126.8268024','주말농장2구역'),(34,'https://dnvefa72aowie.cloudfront.net/business-profile/bizPlatform/profile/20035985/1646351788165/ee646eca543e8413ca6b625263159ee556826c2b28dba9d27ede130d42497c71.jpeg?q=95&s=1440x1440&t=inside','서울특별시 구로구 궁동 59','구로구 궁동의 주말농장 4구역입니다.','37.5024432','126.8262470','주말농장4구역'),(35,'https://encrypted-tbn0.gstatic.com/images?q=tbn:ANd9GcS0UUiobRlzXn8FWO9EZ_uJ0foF6QV4l3v1CA&s','서울특별시 구로구 궁동 62','구로구 궁동에서 운영되는 주말농장 구역 5입니다.','37.5031191','126.8258684','주말농장5구역'),(36,'https://lh5.googleusercontent.com/proxy/-zBLVYyldzTYyZqh9elGbVQ1CsxpqOrOzRhwxe0tnOpp6ojLZ8QhMwWIBg7jvjwrhHvbMBYGZHf_PwBF44V4D-HRrb3I7JlpZV_vXT9lHYUjltQ','서울특별시 구로구 궁동 70-1','궁동에서 자연을 즐길 수 있는 주말농장 3구역입니다.','37.5019280','126.8244731','주말농장3구역'),(37,'https://lh5.googleusercontent.com/proxy/TVwtKmx13x_Uh09B17N3UjZevGNe7156614cbQxZu3w32v0DPfmrxSDMxSSIEJ8HYZX-slAi04U6yTp3F1T2OcSS0W2CxcS12EZxlXkLLHfgBw','서울특별시 금천구 가산동 340-2','금천구에서 운영하는 생태 텃논입니다.','37.4679205','126.8832612','안양천 생태텃논'),(38,'https://lh5.googleusercontent.com/proxy/TVwtKmx13x_Uh09B17N3UjZevGNe7156614cbQxZu3w32v0DPfmrxSDMxSSIEJ8HYZX-slAi04U6yTp3F1T2OcSS0W2CxcS12EZxlXkLLHfgBw','경기도 광명시 하안동 332','광명시에서 운영하는 도시 농업 체험장입니다.','37.4580610','126.8690465','도시농업체험장(광명)'),(39,'https://lh3.googleusercontent.com/proxy/IxlIm4IuCqhaaX6BQE1nNs15K1Ox-NGKP2-Vmbzujxe_dSEOaP3j-g4f7LDlrAa8kfwBWy6JShQPdiJh985BrEYg7BYH831yuuN6nair-Cs','서울특별시 금천구 독산동 719-5','안양천 인근에서 도시농업 체험을 즐길 수 있는 텃밭입니다.','37.4591141','126.8901473','도시농업체험장(안양천)'),(40,'https://dnvefa72aowie.cloudfront.net/business-profile/bizPlatform/profile/20035985/1646351788165/ee646eca543e8413ca6b625263159ee556826c2b28dba9d27ede130d42497c71.jpeg?q=95&s=1440x1440&t=inside','서울특별시 금천구 시흥동 1020','금천구에서 관리하는 금나래 하늘 텃밭입니다.','37.4568182','126.8954120','금나래 하늘텃밭'),(41,'https://lh5.googleusercontent.com/proxy/TVwtKmx13x_Uh09B17N3UjZevGNe7156614cbQxZu3w32v0DPfmrxSDMxSSIEJ8HYZX-slAi04U6yTp3F1T2OcSS0W2CxcS12EZxlXkLLHfgBw','서울특별시 금천구 시흥동 413-1','금천구 시흥동에서 도시농업 체험을 할 수 있는 공간입니다.','37.4465474','126.9111965','시흥동 도시농업체험장'),(42,'https://lh3.googleusercontent.com/proxy/IxlIm4IuCqhaaX6BQE1nNs15K1Ox-NGKP2-Vmbzujxe_dSEOaP3j-g4f7LDlrAa8kfwBWy6JShQPdiJh985BrEYg7BYH831yuuN6nair-Cs','서울특별시 금천구 시흥동 산79-7','녹색광장에서 도시농업 체험을 즐길 수 있습니다.','37.4468886','126.9113066','금천 녹색광장 텃밭'),(43,'https://lh3.googleusercontent.com/proxy/IxlIm4IuCqhaaX6BQE1nNs15K1Ox-NGKP2-Vmbzujxe_dSEOaP3j-g4f7LDlrAa8kfwBWy6JShQPdiJh985BrEYg7BYH831yuuN6nair-Cs','경기도 남양주시 별내동 2235','남양주시 별내동에 위치한 힐링 텃밭입니다.','37.6807487','127.1086363','노원힐링텃밭'),(44,'https://lh3.googleusercontent.com/proxy/IxlIm4IuCqhaaX6BQE1nNs15K1Ox-NGKP2-Vmbzujxe_dSEOaP3j-g4f7LDlrAa8kfwBWy6JShQPdiJh985BrEYg7BYH831yuuN6nair-Cs','서울특별시 노원구 상계동 770-2','모두가 함께 사용할 수 있는 노원구의 주말농장입니다.','37.6441654','127.0583106','모두의정원텃밭'),(45,'https://lh5.googleusercontent.com/proxy/-zBLVYyldzTYyZqh9elGbVQ1CsxpqOrOzRhwxe0tnOpp6ojLZ8QhMwWIBg7jvjwrhHvbMBYGZHf_PwBF44V4D-HRrb3I7JlpZV_vXT9lHYUjltQ','서울특별시 노원구 상계동 95-336','불암어울림 공원 내에서 농작물을 재배할 수 있는 공간입니다.','37.6642094','127.0794991','불암어울림공원텃밭'),(46,'https://lh4.googleusercontent.com/proxy/p2Z0qS2lrNQ3jAz2tAfSxCQE2CrnTO-wyGADaC8OHf5CBVor9YB9VjPOx0_kneWVDCn2TXI5hTdBvZB0YIQ24SGlNUq4m6JqXTfEsvqvc2TtVMI','서울특별시 노원구 하계동 333-8','경춘선 숲길을 따라 조성된 도시농업 텃밭입니다.','37.6316133','127.0683236','경춘선숲길공원텃밭'),(47,'https://lh3.googleusercontent.com/proxy/IxlIm4IuCqhaaX6BQE1nNs15K1Ox-NGKP2-Vmbzujxe_dSEOaP3j-g4f7LDlrAa8kfwBWy6JShQPdiJh985BrEYg7BYH831yuuN6nair-Cs','서울특별시 도봉구 쌍문동 442-1','쌍문동 지역에서 주민들이 함께 사용하는 나눔 텃밭입니다.','37.6514353','127.0192097','쌍문동 나눔텃밭'),(48,'https://lh5.googleusercontent.com/proxy/TVwtKmx13x_Uh09B17N3UjZevGNe7156614cbQxZu3w32v0DPfmrxSDMxSSIEJ8HYZX-slAi04U6yTp3F1T2OcSS0W2CxcS12EZxlXkLLHfgBw','서울특별시 도봉구 쌍문동 481-1','도봉구에서 운영하는 도시농업 공원입니다.','37.6542379','127.0169111','도시농업공원'),(49,'https://lh5.googleusercontent.com/proxy/TVwtKmx13x_Uh09B17N3UjZevGNe7156614cbQxZu3w32v0DPfmrxSDMxSSIEJ8HYZX-slAi04U6yTp3F1T2OcSS0W2CxcS12EZxlXkLLHfgBw','서울특별시 도봉구 창동 산154-1','도봉구 창동에서 운영되는 초안산 나눔 텃밭입니다.','37.6460083','127.0454831','초안산 나눔텃밭'),(50,'https://lh3.googleusercontent.com/proxy/IxlIm4IuCqhaaX6BQE1nNs15K1Ox-NGKP2-Vmbzujxe_dSEOaP3j-g4f7LDlrAa8kfwBWy6JShQPdiJh985BrEYg7BYH831yuuN6nair-Cs','서울특별시 도봉구 창동 산177','세대 간의 소통을 위한 텃밭 체험 공간입니다.','37.6431474','127.0479610','세대공감텃밭'),(51,'https://lh4.googleusercontent.com/proxy/p2Z0qS2lrNQ3jAz2tAfSxCQE2CrnTO-wyGADaC8OHf5CBVor9YB9VjPOx0_kneWVDCn2TXI5hTdBvZB0YIQ24SGlNUq4m6JqXTfEsvqvc2TtVMI','서울특별시 중랑구 면목동 727-24','중랑천 주변에서 도시농업을 체험할 수 있는 학습장입니다.','37.5781884','127.0776630','중랑천도시농업체험학습장'),(52,'https://lh4.googleusercontent.com/proxy/p2Z0qS2lrNQ3jAz2tAfSxCQE2CrnTO-wyGADaC8OHf5CBVor9YB9VjPOx0_kneWVDCn2TXI5hTdBvZB0YIQ24SGlNUq4m6JqXTfEsvqvc2TtVMI','경기도 고양시 원당동 209-2','서대문구에서 운영하는 주말농장입니다.','37.6659695','126.8545443','서대문구청'),(53,'https://lh3.googleusercontent.com/proxy/IxlIm4IuCqhaaX6BQE1nNs15K1Ox-NGKP2-Vmbzujxe_dSEOaP3j-g4f7LDlrAa8kfwBWy6JShQPdiJh985BrEYg7BYH831yuuN6nair-Cs','서울특별시 서초구 내곡동 1-247','내곡동에서 농작물 재배를 체험할 수 있는 신흥 텃밭입니다.','37.4589450','127.0832531','신흥텃밭'),(54,'https://lh5.googleusercontent.com/proxy/-zBLVYyldzTYyZqh9elGbVQ1CsxpqOrOzRhwxe0tnOpp6ojLZ8QhMwWIBg7jvjwrhHvbMBYGZHf_PwBF44V4D-HRrb3I7JlpZV_vXT9lHYUjltQ','서울특별시 서초구 내곡동 265','서초구에서 운영하는 꽃초롱 체험학습장입니다.','37.4598330','127.0626031','꽃초롱 체험학습장'),(55,'https://lh5.googleusercontent.com/proxy/IxlIm4IuCqhaaX6BQE1nNs15K1Ox-NGKP2-Vmbzujxe_dSEOaP3j-g4f7LDlrAa8kfwBWy6JShQPdiJh985BrEYg7BYH831yuuN6nair-Cs','서울특별시 서초구 내곡동 287','내곡동 꽃초롱에서 운영하는 주말농장입니다.','37.4605756','127.0631049','꽃초롱텃밭'),(56,'https://lh5.googleusercontent.com/proxy/-zBLVYyldzTYyZqh9elGbVQ1CsxpqOrOzRhwxe0tnOpp6ojLZ8QhMwWIBg7jvjwrhHvbMBYGZHf_PwBF44V4D-HRrb3I7JlpZV_vXT9lHYUjltQ','서울특별시 서초구 내곡동 305','내곡동 안골 텃밭에서 농작물을 재배해보세요.','37.4619489','127.0637911','안골텃밭'),(57,'https://lh3.googleusercontent.com/proxy/IxlIm4IuCqhaaX6BQE1nNs15K1Ox-NGKP2-Vmbzujxe_dSEOaP3j-g4f7LDlrAa8kfwBWy6JShQPdiJh985BrEYg7BYH831yuuN6nair-Cs','서울특별시 서초구 신원동 225','서초구 신원동에서 운영하는 청룡 텃밭입니다.','37.4470534','127.0600712','청룡텃밭'),(58,'https://lh5.googleusercontent.com/proxy/IxlIm4IuCqhaaX6BQE1nNs15K1Ox-NGKP2-Vmbzujxe_dSEOaP3j-g4f7LDlrAa8kfwBWy6JShQPdiJh985BrEYg7BYH831yuuN6nair-Cs','서울특별시 서초구 양재동 200','서초구 양재동에서 운영하는 힐링 텃밭입니다.','37.4682743','127.0311151','문화예술공원 힐링텃밭'),(59,'https://lh3.googleusercontent.com/proxy/IxlIm4IuCqhaaX6BQE1nNs15K1Ox-NGKP2-Vmbzujxe_dSEOaP3j-g4f7LDlrAa8kfwBWy6JShQPdiJh985BrEYg7BYH831yuuN6nair-Cs','경기도 남양주시 조안면 조안리 산149-1','남양주에서 자연을 느끼며 농작물을 재배할 수 있는 다산농원입니다.','37.5412361','127.2898157','남양주 다산농원'),(60,'https://lh5.googleusercontent.com/proxy/TVwtKmx13x_Uh09B17N3UjZevGNe7156614cbQxZu3w32v0DPfmrxSDMxSSIEJ8HYZX-slAi04U6yTp3F1T2OcSS0W2CxcS12EZxlXkLLHfgBw','서울특별시 성동구 행당동 378','성동구 무지개 텃밭에서 농사체험을 즐겨보세요.','37.5542485','127.0406735','성동구 무지개 텃밭'),(61,'https://lh4.googleusercontent.com/proxy/p2Z0qS2lrNQ3jAz2tAfSxCQE2CrnTO-wyGADaC8OHf5CBVor9YB9VjPOx0_kneWVDCn2TXI5hTdBvZB0YIQ24SGlNUq4m6JqXTfEsvqvc2TtVMI','서울특별시 성북구 돈암동 606-268','성북구에서 운영하는 돈암동 공동체 텃밭입니다.','37.5957049','127.0083136','돈암동 공동체텃밭'),(62,'https://lh5.googleusercontent.com/proxy/-zBLVYyldzTYyZqh9elGbVQ1CsxpqOrOzRhwxe0tnOpp6ojLZ8QhMwWIBg7jvjwrhHvbMBYGZHf_PwBF44V4D-HRrb3I7JlpZV_vXT9lHYUjltQ','서울특별시 성북구 석관동 14-5','석관동에서 운영되는 도심형 텃밭입니다.','37.6105999','127.0691728','석관동 도시텃밭'),(63,'https://lh3.googleusercontent.com/proxy/IxlIm4IuCqhaaX6BQE1nNs15K1Ox-NGKP2-Vmbzujxe_dSEOaP3j-g4f7LDlrAa8kfwBWy6JShQPdiJh985BrEYg7BYH831yuuN6nair-Cs','서울특별시 송파구 방이동 444-17','송파구에서 관리하는 경제진흥과 텃밭입니다.','37.5084512','127.1389726','경제진흥과'),(64,'https://lh5.googleusercontent.com/proxy/IxlIm4IuCqhaaX6BQE1nNs15K1Ox-NGKP2-Vmbzujxe_dSEOaP3j-g4f7LDlrAa8kfwBWy6JShQPdiJh985BrEYg7BYH831yuuN6nair-Cs','서울특별시 양천구 신월동 350-35','신월동에서 운영되는 양천1마당 텃밭입니다.','37.5175169','126.8278451','양천1마당텃밭'),(65,'https://lh5.googleusercontent.com/proxy/IxlIm4IuCqhaaX6BQE1nNs15K1Ox-NGKP2-Vmbzujxe_dSEOaP3j-g4f7LDlrAa8kfwBWy6JShQPdiJh985BrEYg7BYH831yuuN6nair-Cs','서울특별시 양천구 신월동 728-29','양천구에서 운영하는 키친가든입니다.','37.5128356','126.8254785','키친가든'),(66,'https://lh5.googleusercontent.com/proxy/IxlIm4IuCqhaaX6BQE1nNs15K1Ox-NGKP2-Vmbzujxe_dSEOaP3j-g4f7LDlrAa8kfwBWy6JShQPdiJh985BrEYg7BYH831yuuN6nair-Cs','서울특별시 양천구 신월동 산174-1','양천구 도시농업공원에서 농사체험을 즐기세요.','37.5127580','126.8262284','양천도시농업공원'),(67,'https://lh5.googleusercontent.com/proxy/TVwtKmx13x_Uh09B17N3UjZevGNe7156614cbQxZu3w32v0DPfmrxSDMxSSIEJ8HYZX-slAi04U6yTp3F1T2OcSS0W2CxcS12EZxlXkLLHfgBw','서울특별시 양천구 신정동 310-7','신정동에서 자원순환을 목적으로 운영되는 텃밭입니다.','37.5146192','126.8565204','신트리공원 자원순환 텃밭'),(68,'https://lh5.googleusercontent.com/proxy/-zBLVYyldzTYyZqh9elGbVQ1CsxpqOrOzRhwxe0tnOpp6ojLZ8QhMwWIBg7jvjwrhHvbMBYGZHf_PwBF44V4D-HRrb3I7JlpZV_vXT9lHYUjltQ','서울특별시 양천구 신정동 871-20','신정동에서 운영되는 안양천 키친가든입니다.','37.5083552','126.8731140','안양천 키친가든'),(69,'https://lh4.googleusercontent.com/proxy/p2Z0qS2lrNQ3jAz2tAfSxCQE2CrnTO-wyGADaC8OHf5CBVor9YB9VjPOx0_kneWVDCn2TXI5hTdBvZB0YIQ24SGlNUq4m6JqXTfEsvqvc2TtVMI','서울특별시 영등포구 문래동3가 55-6','영등포구에서 운영하는 도시 텃밭입니다.','37.5177406','126.8987435','문래동 공공공지 도시텃밭'),(70,'https://lh3.googleusercontent.com/proxy/TVwtKmx13x_Uh09B17N3UjZevGNe7156614cbQxZu3w32v0DPfmrxSDMxSSIEJ8HYZX-slAi04U6yTp3F1T2OcSS0W2CxcS12EZxlXkLLHfgBw','서울특별시 은평구 신사동 산51-3','신사동에서 운영되는 산새마을 텃밭입니다.','37.5962472','126.9042372','산새마을텃밭'),(71,'https://lh5.googleusercontent.com/proxy/TVwtKmx13x_Uh09B17N3UjZevGNe7156614cbQxZu3w32v0DPfmrxSDMxSSIEJ8HYZX-slAi04U6yTp3F1T2OcSS0W2CxcS12EZxlXkLLHfgBw','서울특별시 중랑구 망우동 113-2','중랑구에서 운영되는 행복3농장입니다.','37.5902433','127.1039659','중랑행복3농장'),(72,'https://lh5.googleusercontent.com/proxy/TVwtKmx13x_Uh09B17N3UjZevGNe7156614cbQxZu3w32v0DPfmrxSDMxSSIEJ8HYZX-slAi04U6yTp3F1T2OcSS0W2CxcS12EZxlXkLLHfgBw','서울특별시 중랑구 망우동 423-43','중랑구 망우동에서 운영되는 행복2농장입니다.','37.5918675','127.1034136','중랑행복2농장'),(73,'https://lh3.googleusercontent.com/proxy/TVwtKmx13x_Uh09B17N3UjZevGNe7156614cbQxZu3w32v0DPfmrxSDMxSSIEJ8HYZX-slAi04U6yTp3F1T2OcSS0W2CxcS12EZxlXkLLHfgBw','서울특별시 중랑구 면목동 산32-1','중랑구에서 운영하는 행복4농장입니다.','37.5833519','127.0973531','중랑행복4농장'),(74,'https://lh4.googleusercontent.com/proxy/p2Z0qS2lrNQ3jAz2tAfSxCQE2CrnTO-wyGADaC8OHf5CBVor9YB9VjPOx0_kneWVDCn2TXI5hTdBvZB0YIQ24SGlNUq4m6JqXTfEsvqvc2TtVMI','서울특별시 중랑구 신내동 256-9','신내동에서 운영되는 중랑행복1농장입니다.','37.6184718','127.1090204','중랑행복1농장'),(75,'https://lh5.googleusercontent.com/proxy/IxlIm4IuCqhaaX6BQE1nNs15K1Ox-NGKP2-Vmbzujxe_dSEOaP3j-g4f7LDlrAa8kfwBWy6JShQPdiJh985BrEYg7BYH831yuuN6nair-Cs','서울특별시 중랑구 신내동 산2-45','중랑구 신내동에서 운영되는 행복5농장입니다.','37.6200583','127.1105065','중랑행복5농장'),(76,'https://lh5.googleusercontent.com/proxy/TVwtKmx13x_Uh09B17N3UjZevGNe7156614cbQxZu3w32v0DPfmrxSDMxSSIEJ8HYZX-slAi04U6yTp3F1T2OcSS0W2CxcS12EZxlXkLLHfgBw','서울특별시 중랑구 신내동 256-14','도시농업을 체험할 수 있는 중랑구 신내동의 텃밭입니다.','37.6189740','127.1103235','도시농업센터 체험텃밭'),(77,'https://lh5.googleusercontent.com/proxy/TVwtKmx13x_Uh09B17N3UjZevGNe7156614cbQxZu3w32v0DPfmrxSDMxSSIEJ8HYZX-slAi04U6yTp3F1T2OcSS0W2CxcS12EZxlXkLLHfgBw','부산광역시 강서구 대저2동 3877','부산광역시 강서구에 위치한 금호주말농장입니다.','35.1600033','128.9542637','금호주말농장'),(78,'https://s3.ap-northeast-2.amazonaws.com/event-localnaeil/FileData/Article/201805/8132de1b-3fcc-462f-8b51-b8b0e9ddc3ca.jpg','부산광역시 기장군 철마면 입석길 6','철마면에서 운영되는 베리굿 주말농장입니다.','35.3080204','129.1149926','베리굿농장'),(79,'https://lh3.googleusercontent.com/proxy/IxlIm4IuCqhaaX6BQE1nNs15K1Ox-NGKP2-Vmbzujxe_dSEOaP3j-g4f7LDlrAa8kfwBWy6JShQPdiJh985BrEYg7BYH831yuuN6nair-Cs','부산광역시 강서구 대저1동 2242-1','토마토를 재배할 수 있는 용현토마토농장입니다.','35.2121470','128.9765331','용현토마토농장'),(80,'https://lh5.googleusercontent.com/proxy/-zBLVYyldzTYyZqh9elGbVQ1CsxpqOrOzRhwxe0tnOpp6ojLZ8QhMwWIBg7jvjwrhHvbMBYGZHf_PwBF44V4D-HRrb3I7JlpZV_vXT9lHYUjltQ','부산광역시 강서구 낙동북로73번가길 36-1','배꽃이 피는 주말농장입니다.','35.2219967','128.9375212','배꽃주말농장'),(81,'https://dnvefa72aowie.cloudfront.net/business-profile/bizPlatform/profile/20035985/1646351788165/ee646eca543e8413ca6b625263159ee556826c2b28dba9d27ede130d42497c71.jpeg?q=95&s=1440x1440&t=inside','부산광역시 강서구 죽림동 530','부산광역시 강서구 죽림동에 위치한 플랜B 주말농장입니다.','35.1983517','128.8986322','플랜B 주말농장'),(82,'https://lh5.googleusercontent.com/proxy/TVwtKmx13x_Uh09B17N3UjZevGNe7156614cbQxZu3w32v0DPfmrxSDMxSSIEJ8HYZX-slAi04U6yTp3F1T2OcSS0W2CxcS12EZxlXkLLHfgBw','부산광역시 금정구 선동 235-2','부산광역시 금정구에 위치한 웰빙주말농장입니다.','35.2614407','129.1143726','웰빙주말농장'),(83,'https://lh3.googleusercontent.com/proxy/IxlIm4IuCqhaaX6BQE1nNs15K1Ox-NGKP2-Vmbzujxe_dSEOaP3j-g4f7LDlrAa8kfwBWy6JShQPdiJh985BrEYg7BYH831yuuN6nair-Cs','부산광역시 동구 수정동 974-414','수정4동에 위치한 행복텃밭입니다.','35.1271884','129.0416928','수정4동 외솔배기 행복텃밭'),(84,'https://lh4.googleusercontent.com/proxy/p2Z0qS2lrNQ3jAz2tAfSxCQE2CrnTO-wyGADaC8OHf5CBVor9YB9VjPOx0_kneWVDCn2TXI5hTdBvZB0YIQ24SGlNUq4m6JqXTfEsvqvc2TtVMI','부산광역시 금정구 선동 746-3','부산광역시 금정구에 위치한 웰빙농장입니다.','35.2635913','129.1073724','웰빙농장'),(85,'https://lh3.googleusercontent.com/proxy/IxlIm4IuCqhaaX6BQE1nNs15K1Ox-NGKP2-Vmbzujxe_dSEOaP3j-g4f7LDlrAa8kfwBWy6JShQPdiJh985BrEYg7BYH831yuuN6nair-Cs','부산광역시 금정구 두구동 629-10','부산광역시 금정구 두구동에 위치한 삼근주말농장입니다.','35.2863392','129.1060407','삼근주말농장'),(86,'https://lh5.googleusercontent.com/proxy/TVwtKmx13x_Uh09B17N3UjZevGNe7156614cbQxZu3w32v0DPfmrxSDMxSSIEJ8HYZX-slAi04U6yTp3F1T2OcSS0W2CxcS12EZxlXkLLHfgBw','부산광역시 해운대구 반송동 517-1','부산광역시 해운대구에 위치한 운봉사랑주말농장입니다.','35.2372407','129.1403579','운봉사랑주말농장'),(87,'https://s3.ap-northeast-2.amazonaws.com/event-localnaeil/FileData/Article/201805/8132de1b-3fcc-462f-8b51-b8b0e9ddc3ca.jpg','부산광역시 기장군 철마면 임기리 687-1','기장군 철마면에서 운영되는 부산광역시선도농장입니다.','35.3207950','129.1169855','부산광역시선도농장'),(88,'https://lh5.googleusercontent.com/proxy/IxlIm4IuCqhaaX6BQE1nNs15K1Ox-NGKP2-Vmbzujxe_dSEOaP3j-g4f7LDlrAa8kfwBWy6JShQPdiJh985BrEYg7BYH831yuuN6nair-Cs','부산광역시 해운대구 선수촌로 290','부산광역시 해운대구에서 운영하는 만덕농원입니다.','35.2167645','129.1251393','만덕농원'),(89,'https://lh5.googleusercontent.com/proxy/TVwtKmx13x_Uh09B17N3UjZevGNe7156614cbQxZu3w32v0DPfmrxSDMxSSIEJ8HYZX-slAi04U6yTp3F1T2OcSS0W2CxcS12EZxlXkLLHfgBw','부산광역시 강서구 경전철로25번길 245','부산광역시 강서구에서 운영하는 이정농원입니다.','35.1908152','128.9540414','이정농원'),(90,'https://lh5.googleusercontent.com/proxy/-zBLVYyldzTYyZqh9elGbVQ1CsxpqOrOzRhwxe0tnOpp6ojLZ8QhMwWIBg7jvjwrhHvbMBYGZHf_PwBF44V4D-HRrb3I7JlpZV_vXT9lHYUjltQ','부산광역시 강서구 대저2동 551-1','토마토 재배를 체험할 수 있는 정보화마을 농장입니다.','35.1649389','128.9212078','솥뚜껑토마토정보화마을농장'),(91,'https://lh3.googleusercontent.com/proxy/IxlIm4IuCqhaaX6BQE1nNs15K1Ox-NGKP2-Vmbzujxe_dSEOaP3j-g4f7LDlrAa8kfwBWy6JShQPdiJh985BrEYg7BYH831yuuN6nair-Cs','부산광역시 금정구 중앙대로1793번길 54','부산광역시 금정구 부곡동에서 운영하는 플라워우경 주말농장입니다.','35.2425114','129.0916019','플라워우경'),(92,'https://dnvefa72aowie.cloudfront.net/business-profile/bizPlatform/profile/20035985/1646351788165/ee646eca543e8413ca6b625263159ee556826c2b28dba9d27ede130d42497c71.jpeg?q=95&s=1440x1440&t=inside','부산광역시 기장군 정관읍 두명2길 12-133','부산광역시 기장군 정관읍에 위치한 꿈그린 주말농장입니다.','35.3495807','129.1491484','꿈그린주말농장'),(93,'https://lh5.googleusercontent.com/proxy/IxlIm4IuCqhaaX6BQE1nNs15K1Ox-NGKP2-Vmbzujxe_dSEOaP3j-g4f7LDlrAa8kfwBWy6JShQPdiJh985BrEYg7BYH831yuuN6nair-Cs','부산광역시 강서구 상덕로 74','약초 재배를 위한 부산광역시 강서구의 농장입니다.','35.1914621','128.9114712','강서약초농장'),(94,'https://lh5.googleusercontent.com/proxy/-zBLVYyldzTYyZqh9elGbVQ1CsxpqOrOzRhwxe0tnOpp6ojLZ8QhMwWIBg7jvjwrhHvbMBYGZHf_PwBF44V4D-HRrb3I7JlpZV_vXT9lHYUjltQ','부산광역시 기장군 장안읍 선암길 78-89','기장군 장안읍에 위치한 희야네농장입니다.','35.3377527','129.2263652','희야네농장'),(95,'https://lh3.googleusercontent.com/proxy/IxlIm4IuCqhaaX6BQE1nNs15K1Ox-NGKP2-Vmbzujxe_dSEOaP3j-g4f7LDlrAa8kfwBWy6JShQPdiJh985BrEYg7BYH831yuuN6nair-Cs','부산광역시 기장군 일광읍 청광리 66-2','기장군 일광읍에서 운영되는 팜파크 주말농장입니다.','35.2990707','129.2370898','팜파크'),(96,'https://lh3.googleusercontent.com/proxy/IxlIm4IuCqhaaX6BQE1nNs15K1Ox-NGKP2-Vmbzujxe_dSEOaP3j-g4f7LDlrAa8kfwBWy6JShQPdiJh985BrEYg7BYH831yuuN6nair-Cs','부산광역시 기장군 기장읍 내리길 136-6','체험 학습장이 있는 기장읍 주말농장입니다.','35.2171496','129.2011356','꽃길을따라서체험학습장영농조합법인'),(97,'https://lh5.googleusercontent.com/proxy/TVwtKmx13x_Uh09B17N3UjZevGNe7156614cbQxZu3w32v0DPfmrxSDMxSSIEJ8HYZX-slAi04U6yTp3F1T2OcSS0W2CxcS12EZxlXkLLHfgBw','부산광역시 기장군 철마면 임기리 385','기장군 철마면에서 운영하는 가족사랑주말농장입니다.','35.3249409','129.1224773','가족사랑주말농장'),(98,'https://lh4.googleusercontent.com/proxy/p2Z0qS2lrNQ3jAz2tAfSxCQE2CrnTO-wyGADaC8OHf5CBVor9YB9VjPOx0_kneWVDCn2TXI5hTdBvZB0YIQ24SGlNUq4m6JqXTfEsvqvc2TtVMI','부산광역시 금정구 선동 556','부산광역시 금정구에 위치한 분도농원입니다.','35.2787843','129.1148227','분도농원'),(99,'https://lh5.googleusercontent.com/proxy/TVwtKmx13x_Uh09B17N3UjZevGNe7156614cbQxZu3w32v0DPfmrxSDMxSSIEJ8HYZX-slAi04U6yTp3F1T2OcSS0W2CxcS12EZxlXkLLHfgBw','대구광역시 동구 금강동 960','대구광역시 동구에 위치한 금강도시텃밭입니다.','35.8639823','128.7392315','위드팜협동조합 대구광역시 금강도시텃밭'),(100,'https://lh4.googleusercontent.com/proxy/p2Z0qS2lrNQ3jAz2tAfSxCQE2CrnTO-wyGADaC8OHf5CBVor9YB9VjPOx0_kneWVDCn2TXI5hTdBvZB0YIQ24SGlNUq4m6JqXTfEsvqvc2TtVMI','대구광역시 달서구 도원동 1190','달서구에서 운영하는 도원도시텃밭입니다.','35.7947487','128.5494390','대구광역시도시농업포럼 대구광역시 도원도시텃밭'),(101,'https://lh5.googleusercontent.com/proxy/IxlIm4IuCqhaaX6BQE1nNs15K1Ox-NGKP2-Vmbzujxe_dSEOaP3j-g4f7LDlrAa8kfwBWy6JShQPdiJh985BrEYg7BYH831yuuN6nair-Cs','대구광역시 동구 대림동 554','동구청에서 운영하는 공영텃밭입니다.','35.8714900','128.7484969','동구청 동구 공영텃밭'),(102,'https://lh3.googleusercontent.com/proxy/IxlIm4IuCqhaaX6BQE1nNs15K1Ox-NGKP2-Vmbzujxe_dSEOaP3j-g4f7LDlrAa8kfwBWy6JShQPdiJh985BrEYg7BYH831yuuN6nair-Cs','대구광역시 남구 봉덕동 1187-6','남구청에서 운영하는 조이팜 텃밭입니다.','35.8317600','128.6027447','남구청 조이팜텃밭'),(103,'https://lh4.googleusercontent.com/proxy/p2Z0qS2lrNQ3jAz2tAfSxCQE2CrnTO-wyGADaC8OHf5CBVor9YB9VjPOx0_kneWVDCn2TXI5hTdBvZB0YIQ24SGlNUq4m6JqXTfEsvqvc2TtVMI','대구광역시 북구 도남동 719-1','북구청에서 운영하는 도남농장입니다.','35.9610697','128.5838853','북구청 도남농장'),(104,'https://lh5.googleusercontent.com/proxy/TVwtKmx13x_Uh09B17N3UjZevGNe7156614cbQxZu3w32v0DPfmrxSDMxSSIEJ8HYZX-slAi04U6yTp3F1T2OcSS0W2CxcS12EZxlXkLLHfgBw','대구광역시 북구 동변동 200-38','북구청에서 운영하는 동변농장입니다.','35.9271132','128.6010480','북구청 동변농장'),(105,'https://lh5.googleusercontent.com/proxy/IxlIm4IuCqhaaX6BQE1nNs15K1Ox-NGKP2-Vmbzujxe_dSEOaP3j-g4f7LDlrAa8kfwBWy6JShQPdiJh985BrEYg7BYH831yuuN6nair-Cs','대구광역시 북구 팔달동 250-7','대구광역시 북구청 팔달동에 위치한 팔달농장입니다.','35.8937796','128.5372769','북구청 팔달농장'),(106,'https://lh4.googleusercontent.com/proxy/p2Z0qS2lrNQ3jAz2tAfSxCQE2CrnTO-wyGADaC8OHf5CBVor9YB9VjPOx0_kneWVDCn2TXI5hTdBvZB0YIQ24SGlNUq4m6JqXTfEsvqvc2TtVMI','대구광역시 수성구 지산동 20','대구광역시 수성구청에서 운영하는 조일골 농장입니다.','35.8306377','128.6471209','수성구청 조일골농장'),(107,'https://lh5.googleusercontent.com/proxy/-zBLVYyldzTYyZqh9elGbVQ1CsxpqOrOzRhwxe0tnOpp6ojLZ8QhMwWIBg7jvjwrhHvbMBYGZHf_PwBF44V4D-HRrb3I7JlpZV_vXT9lHYUjltQ','대구광역시 수성구 매호동 195','수성구에서 운영되는 천을산 농장입니다.','35.8511755','128.6999939','수성구청 천을산 농장'),(108,'https://lh5.googleusercontent.com/proxy/TVwtKmx13x_Uh09B17N3UjZevGNe7156614cbQxZu3w32v0DPfmrxSDMxSSIEJ8HYZX-slAi04U6yTp3F1T2OcSS0W2CxcS12EZxlXkLLHfgBw','대구광역시 수성구 대흥동 408-1','수성구 개인이 운영하는 다솜농장입니다.','35.8325005','128.6815335','다솜농장'),(109,'https://lh4.googleusercontent.com/proxy/p2Z0qS2lrNQ3jAz2tAfSxCQE2CrnTO-wyGADaC8OHf5CBVor9YB9VjPOx0_kneWVDCn2TXI5hTdBvZB0YIQ24SGlNUq4m6JqXTfEsvqvc2TtVMI','대구광역시 동구 미대동 547','동구에서 운영되는 밤나무 주말농장입니다.','35.9512474','128.6767003','밤나무주말농장'),(110,'https://lh5.googleusercontent.com/proxy/TVwtKmx13x_Uh09B17N3UjZevGNe7156614cbQxZu3w32v0DPfmrxSDMxSSIEJ8HYZX-slAi04U6yTp3F1T2OcSS0W2CxcS12EZxlXkLLHfgBw','대구광역시 수성구 성동 436-14','대구광역시 성동에서 운영되는 성동농장입니다.','35.8502704','128.7223163','성동농장'),(111,'https://lh3.googleusercontent.com/proxy/IxlIm4IuCqhaaX6BQE1nNs15K1Ox-NGKP2-Vmbzujxe_dSEOaP3j-g4f7LDlrAa8kfwBWy6JShQPdiJh985BrEYg7BYH831yuuN6nair-Cs','대구광역시 수성구 황금동 6-1','대구광역시 황금동에서 운영되는 두리봉농장입니다.','35.8456631','128.6426767','두리봉농장'),(112,'https://lh5.googleusercontent.com/proxy/-zBLVYyldzTYyZqh9elGbVQ1CsxpqOrOzRhwxe0tnOpp6ojLZ8QhMwWIBg7jvjwrhHvbMBYGZHf_PwBF44V4D-HRrb3I7JlpZV_vXT9lHYUjltQ','대구광역시 수성구 고모동 26-24','수성구 고모동에 위치한 도시 텃밭입니다.','35.8685139','128.6758440','팔현도시텃밭'),(113,'https://lh5.googleusercontent.com/proxy/IxlIm4IuCqhaaX6BQE1nNs15K1Ox-NGKP2-Vmbzujxe_dSEOaP3j-g4f7LDlrAa8kfwBWy6JShQPdiJh985BrEYg7BYH831yuuN6nair-Cs','대구광역시 수성구 매호동 199','수성구에서 운영되는 천을산 농장입니다.','35.8511472','128.6990796','희망토 천을산농장'),(114,'https://lh4.googleusercontent.com/proxy/p2Z0qS2lrNQ3jAz2tAfSxCQE2CrnTO-wyGADaC8OHf5CBVor9YB9VjPOx0_kneWVDCn2TXI5hTdBvZB0YIQ24SGlNUq4m6JqXTfEsvqvc2TtVMI','대구광역시 달성군 옥포읍 신당리 509-2','달성군에서 운영되는 옥포 신당리 주말농장입니다.','35.7970234','128.4378559','옥포신당정보화마을'),(115,'https://lh3.googleusercontent.com/proxy/TVwtKmx13x_Uh09B17N3UjZevGNe7156614cbQxZu3w32v0DPfmrxSDMxSSIEJ8HYZX-slAi04U6yTp3F1T2OcSS0W2CxcS12EZxlXkLLHfgBw','대구광역시 달성군 옥포읍 기세리 794','옥포읍에 위치한 아가원 주말농장입니다.','35.7669291','128.4860539','아가원'),(116,'https://lh5.googleusercontent.com/proxy/IxlIm4IuCqhaaX6BQE1nNs15K1Ox-NGKP2-Vmbzujxe_dSEOaP3j-g4f7LDlrAa8kfwBWy6JShQPdiJh985BrEYg7BYH831yuuN6nair-Cs','대구광역시 달성군 옥포읍 기세리 59','달성군 옥포읍에서 운영하는 천향허브 농장입니다.','35.7900338','128.4758034','천향허브'),(117,'https://lh4.googleusercontent.com/proxy/p2Z0qS2lrNQ3jAz2tAfSxCQE2CrnTO-wyGADaC8OHf5CBVor9YB9VjPOx0_kneWVDCn2TXI5hTdBvZB0YIQ24SGlNUq4m6JqXTfEsvqvc2TtVMI','대구광역시 달성군 옥포읍 교항리 2710','달성군에서 운영되는 비슬육묘 주말농장입니다.','35.7830216','128.4523614','비슬육묘농장'),(118,'https://lh5.googleusercontent.com/proxy/TVwtKmx13x_Uh09B17N3UjZevGNe7156614cbQxZu3w32v0DPfmrxSDMxSSIEJ8HYZX-slAi04U6yTp3F1T2OcSS0W2CxcS12EZxlXkLLHfgBw','대구광역시 달성군 옥포읍 본리리 1816-2','옥포읍 본리리에서 운영되는 운산농원입니다.','35.7908512','128.4484945','운산농원'),(119,'https://lh4.googleusercontent.com/proxy/IxlIm4IuCqhaaX6BQE1nNs15K1Ox-NGKP2-Vmbzujxe_dSEOaP3j-g4f7LDlrAa8kfwBWy6JShQPdiJh985BrEYg7BYH831yuuN6nair-Cs','대구광역시 달성군 다사읍 죽곡리 762','달성군에서 운영되는 강정보 여울 주말농장입니다.','35.8423166','128.4650727','강정보여울주말농장'),(120,'https://lh5.googleusercontent.com/proxy/IxlIm4IuCqhaaX6BQE1nNs15K1Ox-NGKP2-Vmbzujxe_dSEOaP3j-g4f7LDlrAa8kfwBWy6JShQPdiJh985BrEYg7BYH831yuuN6nair-Cs','대구광역시 달성군 옥포읍 반송리 54','달성군 옥포읍에서 운영되는 두메산채원 주말농장입니다.','35.7560858','128.5024936','두메산채원주말농장'),(121,'https://lh3.googleusercontent.com/proxy/TVwtKmx13x_Uh09B17N3UjZevGNe7156614cbQxZu3w32v0DPfmrxSDMxSSIEJ8HYZX-slAi04U6yTp3F1T2OcSS0W2CxcS12EZxlXkLLHfgBw','대구광역시 달성군 유가읍 도의리 1086-3','달성군 유가읍에서 운영하는 농따라주말농장입니다.','35.6569236','128.4544631','농따라주말농장'),(122,'https://lh5.googleusercontent.com/proxy/IxlIm4IuCqhaaX6BQE1nNs15K1Ox-NGKP2-Vmbzujxe_dSEOaP3j-g4f7LDlrAa8kfwBWy6JShQPdiJh985BrEYg7BYH831yuuN6nair-Cs','대구광역시 달성군 하빈면 묘리 97','하빈면에서 운영되는 행복한도시농부놀이터입니다.','35.8996714','128.4280465','행복한도시농부놀이터'),(123,'https://lh4.googleusercontent.com/proxy/-zBLVYyldzTYyZqh9elGbVQ1CsxpqOrOzRhwxe0tnOpp6ojLZ8QhMwWIBg7jvjwrhHvbMBYGZHf_PwBF44V4D-HRrb3I7JlpZV_vXT9lHYUjltQ','대구광역시 달성군 다사읍 문양리 681','다사읍에서 운영되는 대밭골 주말농장입니다.','35.8675507','128.4300276','대밭골주말농장'),(124,'https://lh3.googleusercontent.com/proxy/TVwtKmx13x_Uh09B17N3UjZevGNe7156614cbQxZu3w32v0DPfmrxSDMxSSIEJ8HYZX-slAi04U6yTp3F1T2OcSS0W2CxcS12EZxlXkLLHfgBw','대구광역시 달성군 화원읍 본리리 1145-11','달성군 화원읍에서 운영되는 초심농장입니다.','35.7770697','128.5342918','초심농장'),(125,'https://lh5.googleusercontent.com/proxy/TVwtKmx13x_Uh09B17N3UjZevGNe7156614cbQxZu3w32v0DPfmrxSDMxSSIEJ8HYZX-slAi04U6yTp3F1T2OcSS0W2CxcS12EZxlXkLLHfgBw','인천광역시 남동구 운연동 489-8','운연동에 위치한 피크닉하우스 주말농장입니다.','37.4264796','126.7639204','피크닉하우스 주말농장'),(126,'https://lh4.googleusercontent.com/proxy/p2Z0qS2lrNQ3jAz2tAfSxCQE2CrnTO-wyGADaC8OHf5CBVor9YB9VjPOx0_kneWVDCn2TXI5hTdBvZB0YIQ24SGlNUq4m6JqXTfEsvqvc2TtVMI','인천광역시 계양구 역골로43번길 7','계양구 역골로에 위치한 솔밭 주말농장입니다.','37.5635148','126.7241474','계양산솔밭주말농장'),(127,'https://lh3.googleusercontent.com/proxy/IxlIm4IuCqhaaX6BQE1nNs15K1Ox-NGKP2-Vmbzujxe_dSEOaP3j-g4f7LDlrAa8kfwBWy6JShQPdiJh985BrEYg7BYH831yuuN6nair-Cs','인천광역시 강화군 강화읍 고비고개로 141-19','강화읍에 위치한 연화농원 주말농장입니다.','37.7405730','126.4636848','연화농원 주말농장'),(128,'https://lh5.googleusercontent.com/proxy/IxlIm4IuCqhaaX6BQE1nNs15K1Ox-NGKP2-Vmbzujxe_dSEOaP3j-g4f7LDlrAa8kfwBWy6JShQPdiJh985BrEYg7BYH831yuuN6nair-Cs','인천광역시 연수구 송도동 28-1','송도동에서 운영되는 이음텃밭 주말농장입니다.','37.4042014','126.6396705','이음텃밭 주말농장'),(129,'https://lh4.googleusercontent.com/proxy/p2Z0qS2lrNQ3jAz2tAfSxCQE2CrnTO-wyGADaC8OHf5CBVor9YB9VjPOx0_kneWVDCn2TXI5hTdBvZB0YIQ24SGlNUq4m6JqXTfEsvqvc2TtVMI','인천광역시 강화군 하점면 강화서로 780','강화군 하점면에 위치한 미타임강화 주말농장입니다.','37.7632267','126.3840472','미타임강화 주말농장'),(130,'https://lh5.googleusercontent.com/proxy/TVwtKmx13x_Uh09B17N3UjZevGNe7156614cbQxZu3w32v0DPfmrxSDMxSSIEJ8HYZX-slAi04U6yTp3F1T2OcSS0W2CxcS12EZxlXkLLHfgBw','인천광역시 남동구 만의골로 214','남동구 만의골로에 위치한 소래산주말농장입니다.','37.4616094','126.7736612','소래산주말농장 자연농원 주말농장'),(131,'https://lh4.googleusercontent.com/proxy/p2Z0qS2lrNQ3jAz2tAfSxCQE2CrnTO-wyGADaC8OHf5CBVor9YB9VjPOx0_kneWVDCn2TXI5hTdBvZB0YIQ24SGlNUq4m6JqXTfEsvqvc2TtVMI','인천광역시 남동구 남촌동 510-8','인천광역시 남동구에서 운영하는 공공주말농장입니다.','37.4292691','126.7068205','공공주말농장'),(132,'https://lh5.googleusercontent.com/proxy/IxlIm4IuCqhaaX6BQE1nNs15K1Ox-NGKP2-Vmbzujxe_dSEOaP3j-g4f7LDlrAa8kfwBWy6JShQPdiJh985BrEYg7BYH831yuuN6nair-Cs','인천광역시 부평구 산곡동 산 20-6','부평구 산곡동에 위치한 부영텃밭 주말농장입니다.','37.4970292','126.7096868','부영텃밭 주말농장'),(133,'https://lh3.googleusercontent.com/proxy/IxlIm4IuCqhaaX6BQE1nNs15K1Ox-NGKP2-Vmbzujxe_dSEOaP3j-g4f7LDlrAa8kfwBWy6JShQPdiJh985BrEYg7BYH831yuuN6nair-Cs','인천광역시 남동구 도림동 321-1','남동구 도림동에 위치한 푸른주말농장입니다.','37.4150725','126.7282321','푸른주말농장'),(134,'https://lh3.googleusercontent.com/proxy/TVwtKmx13x_Uh09B17N3UjZevGNe7156614cbQxZu3w32v0DPfmrxSDMxSSIEJ8HYZX-slAi04U6yTp3F1T2OcSS0W2CxcS12EZxlXkLLHfgBw','인천광역시 계양구 병방동 249-3','계양구 병방동에 위치한 경인포도원 주말농장입니다.','37.5391850','126.7596683','경인포도원 주말농장'),(135,'https://lh5.googleusercontent.com/proxy/IxlIm4IuCqhaaX6BQE1nNs15K1Ox-NGKP2-Vmbzujxe_dSEOaP3j-g4f7LDlrAa8kfwBWy6JShQPdiJh985BrEYg7BYH831yuuN6nair-Cs','인천광역시 계양구 다남로143번길 5','다양한 체험을 할 수 있는 알콩달콩체험농장입니다.','37.5707724','126.7239312','알콩달콩체험농장 주말농장'),(136,'https://lh5.googleusercontent.com/proxy/TVwtKmx13x_Uh09B17N3UjZevGNe7156614cbQxZu3w32v0DPfmrxSDMxSSIEJ8HYZX-slAi04U6yTp3F1T2OcSS0W2CxcS12EZxlXkLLHfgBw','인천광역시 부평구 갈산동 130-2','갈산동에 위치한 갈산근린공원 주말농장입니다.','37.5194757','126.7253012','갈산근린공원 주말농장'),(137,'https://lh3.googleusercontent.com/proxy/IxlIm4IuCqhaaX6BQE1nNs15K1Ox-NGKP2-Vmbzujxe_dSEOaP3j-g4f7LDlrAa8kfwBWy6JShQPdiJh985BrEYg7BYH831yuuN6nair-Cs','인천광역시 계양구 다남동 104-2','인천광역시 계양구에 위치한 오두막 주말농장입니다.','37.5680684','126.7298072','인천광역시오두막주말농장'),(138,'https://lh5.googleusercontent.com/proxy/TVwtKmx13x_Uh09B17N3UjZevGNe7156614cbQxZu3w32v0DPfmrxSDMxSSIEJ8HYZX-slAi04U6yTp3F1T2OcSS0W2CxcS12EZxlXkLLHfgBw','인천광역시 연수구 선학동 231','연수구 선학동에서 운영하는 힐링텃밭입니다.','37.4270425','126.7025396','선학힐링텃밭 주말농장'),(139,'https://lh4.googleusercontent.com/proxy/p2Z0qS2lrNQ3jAz2tAfSxCQE2CrnTO-wyGADaC8OHf5CBVor9YB9VjPOx0_kneWVDCn2TXI5hTdBvZB0YIQ24SGlNUq4m6JqXTfEsvqvc2TtVMI','인천광역시 연수구 선학동 43','연수구 선학동에 위치한 주말농장입니다.','37.4371730','126.7019548','선학주말농장'),(140,'https://lh5.googleusercontent.com/proxy/IxlIm4IuCqhaaX6BQE1nNs15K1Ox-NGKP2-Vmbzujxe_dSEOaP3j-g4f7LDlrAa8kfwBWy6JShQPdiJh985BrEYg7BYH831yuuN6nair-Cs','인천광역시 연수구 송도동 107-1','송도동에서 운영되는 행복텃밭입니다.','37.3833424','126.6346617','송도행복텃밭 주말농장'),(141,'https://lh5.googleusercontent.com/proxy/TVwtKmx13x_Uh09B17N3UjZevGNe7156614cbQxZu3w32v0DPfmrxSDMxSSIEJ8HYZX-slAi04U6yTp3F1T2OcSS0W2CxcS12EZxlXkLLHfgBw','인천광역시 서구 경서동 145','인천광역시 서구 경서동에 위치한 태연농장 주말농장입니다.','37.5571128','126.6612951','태연농장 주말농장'),(142,'https://lh3.googleusercontent.com/proxy/IxlIm4IuCqhaaX6BQE1nNs15K1Ox-NGKP2-Vmbzujxe_dSEOaP3j-g4f7LDlrAa8kfwBWy6JShQPdiJh985BrEYg7BYH831yuuN6nair-Cs','인천광역시 서구 검암동 484-4','검암동에서 운영되는 전원농장입니다.','37.5647399','126.6624664','전원농장 주말농장'),(143,'https://lh5.googleusercontent.com/proxy/IxlIm4IuCqhaaX6BQE1nNs15K1Ox-NGKP2-Vmbzujxe_dSEOaP3j-g4f7LDlrAa8kfwBWy6JShQPdiJh985BrEYg7BYH831yuuN6nair-Cs','인천광역시 서구 경서동 249','서구 경서동에 위치한 보리주말농장입니다.','37.5533193','126.6590767','보리주말농장'),(144,'https://lh4.googleusercontent.com/proxy/p2Z0qS2lrNQ3jAz2tAfSxCQE2CrnTO-wyGADaC8OHf5CBVor9YB9VjPOx0_kneWVDCn2TXI5hTdBvZB0YIQ24SGlNUq4m6JqXTfEsvqvc2TtVMI','인천광역시 강화군 강화읍 연미정길36번길 48-17','강화읍 월곳리에 위치한 연미농장입니다.','37.7735408','126.5066212','연미농장 주말농장'),(145,'https://lh4.googleusercontent.com/proxy/p2Z0qS2lrNQ3jAz2tAfSxCQE2CrnTO-wyGADaC8OHf5CBVor9YB9VjPOx0_kneWVDCn2TXI5hTdBvZB0YIQ24SGlNUq4m6JqXTfEsvqvc2TtVMI','인천광역시 계양구 이화남로 55-10','계양구 이화동에서 운영하는 함씨네농장입니다.','37.5847272','126.7348516','함씨네농장 주말농장'),(146,'https://lh4.googleusercontent.com/proxy/IxlIm4IuCqhaaX6BQE1nNs15K1Ox-NGKP2-Vmbzujxe_dSEOaP3j-g4f7LDlrAa8kfwBWy6JShQPdiJh985BrEYg7BYH831yuuN6nair-Cs','인천광역시 중구 운서동 3020-1','인천광역시 중구에 위치한 젓개농장공원입니다.','37.5001205','126.5011283','젓개농장공원 주말농장'),(147,'https://lh5.googleusercontent.com/proxy/TVwtKmx13x_Uh09B17N3UjZevGNe7156614cbQxZu3w32v0DPfmrxSDMxSSIEJ8HYZX-slAi04U6yTp3F1T2OcSS0W2CxcS12EZxlXkLLHfgBw','인천광역시 서구 꽃뫼길 193','인천광역시 서구 시천동에 위치한 뫼솔농원입니다.','37.5658961','126.6941907','뫼솔농원 주말농장'),(148,'https://lh4.googleusercontent.com/proxy/p2Z0qS2lrNQ3jAz2tAfSxCQE2CrnTO-wyGADaC8OHf5CBVor9YB9VjPOx0_kneWVDCn2TXI5hTdBvZB0YIQ24SGlNUq4m6JqXTfEsvqvc2TtVMI','인천광역시 서구 간재울길 37','서구 검암동에 위치한 간재울농장입니다.','37.5662525','126.6680586','간재울농장 주말농장'),(149,'https://lh3.googleusercontent.com/proxy/TVwtKmx13x_Uh09B17N3UjZevGNe7156614cbQxZu3w32v0DPfmrxSDMxSSIEJ8HYZX-slAi04U6yTp3F1T2OcSS0W2CxcS12EZxlXkLLHfgBw','인천광역시 부평구 갈산동 105-1','부평구 갈산동에서 운영하는 갈월샘텃밭입니다.','37.5191404','126.7261625','갈월샘텃밭 주말농장'),(150,'https://lh5.googleusercontent.com/proxy/TVwtKmx13x_Uh09B17N3UjZevGNe7156614cbQxZu3w32v0DPfmrxSDMxSSIEJ8HYZX-slAi04U6yTp3F1T2OcSS0W2CxcS12EZxlXkLLHfgBw','광주광역시 서구 매월동 445','서구 매월동에 위치한 주말농장입니다.','35.1142432','126.8462174','매월농장 주말농장'),(151,'https://lh5.googleusercontent.com/proxy/IxlIm4IuCqhaaX6BQE1nNs15K1Ox-NGKP2-Vmbzujxe_dSEOaP3j-g4f7LDlrAa8kfwBWy6JShQPdiJh985BrEYg7BYH831yuuN6nair-Cs','광주광역시 광산구 선동 494','광산구 선동에 위치한 자연체험농장입니다.','35.1904317','126.7418895','선동자연체험농장 주말농장'),(152,'https://lh3.googleusercontent.com/proxy/IxlIm4IuCqhaaX6BQE1nNs15K1Ox-NGKP2-Vmbzujxe_dSEOaP3j-g4f7LDlrAa8kfwBWy6JShQPdiJh985BrEYg7BYH831yuuN6nair-Cs','광주광역시 광산구 석문길 62','광산구 삼도동에서 운영되는 주말농장입니다.','35.1325028','126.6866227','삼연주말농장'),(153,'https://lh5.googleusercontent.com/proxy/p2Z0qS2lrNQ3jAz2tAfSxCQE2CrnTO-wyGADaC8OHf5CBVor9YB9VjPOx0_kneWVDCn2TXI5hTdBvZB0YIQ24SGlNUq4m6JqXTfEsvqvc2TtVMI','광주광역시 서구 유촌동 820-8','유촌동에 위치한 도시텃밭 주말농장입니다.','35.1636775','126.8443001','도시텃밭정원 주말농장'),(154,'https://lh4.googleusercontent.com/proxy/p2Z0qS2lrNQ3jAz2tAfSxCQE2CrnTO-wyGADaC8OHf5CBVor9YB9VjPOx0_kneWVDCn2TXI5hTdBvZB0YIQ24SGlNUq4m6JqXTfEsvqvc2TtVMI','광주광역시 북구 장등동 804','북구 장등동에서 운영되는 짱똘아재농장입니다.','35.2064573','126.9319539','짱똘아재농장 주말농장'),(155,'https://lh5.googleusercontent.com/proxy/TVwtKmx13x_Uh09B17N3UjZevGNe7156614cbQxZu3w32v0DPfmrxSDMxSSIEJ8HYZX-slAi04U6yTp3F1T2OcSS0W2CxcS12EZxlXkLLHfgBw','광주광역시 북구 생용동 235-6','광주광역시 북구 생용동에 위치한 주말농장입니다.','35.2325736','126.8970401','용전주말농장'),(156,'https://lh3.googleusercontent.com/proxy/IxlIm4IuCqhaaX6BQE1nNs15K1Ox-NGKP2-Vmbzujxe_dSEOaP3j-g4f7LDlrAa8kfwBWy6JShQPdiJh985BrEYg7BYH831yuuN6nair-Cs','광주광역시 남구 화산로88번길 28-27','남구 진월동에서 운영되는 산마루 주말농장입니다.','35.1115204','126.9076808','산마루주말농장'),(157,'https://lh4.googleusercontent.com/proxy/p2Z0qS2lrNQ3jAz2tAfSxCQE2CrnTO-wyGADaC8OHf5CBVor9YB9VjPOx0_kneWVDCn2TXI5hTdBvZB0YIQ24SGlNUq4m6JqXTfEsvqvc2TtVMI','광주광역시 남구 진월동 132','남광주농협에서 운영하는 주말농장입니다.','35.1119062','126.9063330','남광주농협주말농장'),(158,'https://lh5.googleusercontent.com/proxy/IxlIm4IuCqhaaX6BQE1nNs15K1Ox-NGKP2-Vmbzujxe_dSEOaP3j-g4f7LDlrAa8kfwBWy6JShQPdiJh985BrEYg7BYH831yuuN6nair-Cs','광주광역시 서구 마륵벽진길 11-1','서구 마륵동에 위치한 야생화농원 주말농장입니다.','35.1437494','126.8456537','야생화농원 주말농장'),(159,'https://lh5.googleusercontent.com/proxy/p2Z0qS2lrNQ3jAz2tAfSxCQE2CrnTO-wyGADaC8OHf5CBVor9YB9VjPOx0_kneWVDCn2TXI5hTdBvZB0YIQ24SGlNUq4m6JqXTfEsvqvc2TtVMI','광주광역시 북구 삼각동 377-2','삼각동에 위치한 주말농장입니다.','35.2096389','126.9028686','일곡동 주말농장'),(160,'https://lh4.googleusercontent.com/proxy/IxlIm4IuCqhaaX6BQE1nNs15K1Ox-NGKP2-Vmbzujxe_dSEOaP3j-g4f7LDlrAa8kfwBWy6JShQPdiJh985BrEYg7BYH831yuuN6nair-Cs','광주광역시 광산구 풍영로101번길 1','광산구 흑석동에 위치한 미소개발 주말농장입니다.','35.1809474','126.8117126','미소개발 주말농장'),(161,'https://lh3.googleusercontent.com/proxy/TVwtKmx13x_Uh09B17N3UjZevGNe7156614cbQxZu3w32v0DPfmrxSDMxSSIEJ8HYZX-slAi04U6yTp3F1T2OcSS0W2CxcS12EZxlXkLLHfgBw','광주광역시 북구 청풍동 789-1','북구 청풍동에 위치한 포도농원입니다.','35.1744743','126.9654740','무등산청풍포도농원 주말농장'),(162,'https://lh5.googleusercontent.com/proxy/IxlIm4IuCqhaaX6BQE1nNs15K1Ox-NGKP2-Vmbzujxe_dSEOaP3j-g4f7LDlrAa8kfwBWy6JShQPdiJh985BrEYg7BYH831yuuN6nair-Cs','광주광역시 북구 석곡로 303','북구 석곡로에 위치한 분토농협 주말농장입니다.','35.1875341','126.9569562','분토농협주말농장'),(163,'https://lh5.googleusercontent.com/proxy/TVwtKmx13x_Uh09B17N3UjZevGNe7156614cbQxZu3w32v0DPfmrxSDMxSSIEJ8HYZX-slAi04U6yTp3F1T2OcSS0W2CxcS12EZxlXkLLHfgBw','광주광역시 북구 장등길80번길 50-5','북구 장등동에서 운영되는 해피팜 농장입니다.','35.2165264','126.9320345','해피팜농장 주말농장'),(164,'https://lh4.googleusercontent.com/proxy/p2Z0qS2lrNQ3jAz2tAfSxCQE2CrnTO-wyGADaC8OHf5CBVor9YB9VjPOx0_kneWVDCn2TXI5hTdBvZB0YIQ24SGlNUq4m6JqXTfEsvqvc2TtVMI','광주광역시 서구 매월2로15번길 16','서구 매월동에서 운영되는 청송행복농장입니다.','35.1172847','126.8590087','청송행복농장 주말농장'),(165,'https://lh3.googleusercontent.com/proxy/TVwtKmx13x_Uh09B17N3UjZevGNe7156614cbQxZu3w32v0DPfmrxSDMxSSIEJ8HYZX-slAi04U6yTp3F1T2OcSS0W2CxcS12EZxlXkLLHfgBw','광주광역시 광산구 수완동 359-1','수완동에 위치한 왕버들 주말농장입니다.','35.2032739','126.8286201','왕버들주말농장 주말농장'),(166,'https://lh4.googleusercontent.com/proxy/p2Z0qS2lrNQ3jAz2tAfSxCQE2CrnTO-wyGADaC8OHf5CBVor9YB9VjPOx0_kneWVDCn2TXI5hTdBvZB0YIQ24SGlNUq4m6JqXTfEsvqvc2TtVMI','광주광역시 북구 청풍동 739','청풍동에서 운영되는 포도농장입니다.','35.1759296','126.9661125','청풍포도농장 주말농장'),(167,'https://lh5.googleusercontent.com/proxy/TVwtKmx13x_Uh09B17N3UjZevGNe7156614cbQxZu3w32v0DPfmrxSDMxSSIEJ8HYZX-slAi04U6yTp3F1T2OcSS0W2CxcS12EZxlXkLLHfgBw','광주광역시 광산구 수완동 374-4','광산구 수완동에 위치한 스카이 주말농장입니다.','35.2042735','126.8252607','수완스카이주말농장 주말농장'),(168,'https://lh5.googleusercontent.com/proxy/IxlIm4IuCqhaaX6BQE1nNs15K1Ox-NGKP2-Vmbzujxe_dSEOaP3j-g4f7LDlrAa8kfwBWy6JShQPdiJh985BrEYg7BYH831yuuN6nair-Cs','대전광역시 유성구 계백로93번길 111','대전광역시 유성구에 위치한 체험 휴양마을 주말농장입니다.','36.2800309','127.2655401','선창농촌체험휴양마을 주말농장'),(169,'https://lh4.googleusercontent.com/proxy/TVwtKmx13x_Uh09B17N3UjZevGNe7156614cbQxZu3w32v0DPfmrxSDMxSSIEJ8HYZX-slAi04U6yTp3F1T2OcSS0W2CxcS12EZxlXkLLHfgBw','대전광역시 유성구 교촌동 413-2','유성구 교촌동에서 운영되는 도시정원 주말농장입니다.','36.3088420','127.3074068','대전광역시시농업기술센터 케어팜 도시정원 주말농장'),(170,'https://lh5.googleusercontent.com/proxy/IxlIm4IuCqhaaX6BQE1nNs15K1Ox-NGKP2-Vmbzujxe_dSEOaP3j-g4f7LDlrAa8kfwBWy6JShQPdiJh985BrEYg7BYH831yuuN6nair-Cs','대전광역시 유성구 복용동 578','유성구 복용동에 위치한 공영도시농업 주말농장입니다.','36.3440132','127.3131729','복용동공영도시농업농장 주말농장'),(171,'https://lh4.googleusercontent.com/proxy/p2Z0qS2lrNQ3jAz2tAfSxCQE2CrnTO-wyGADaC8OHf5CBVor9YB9VjPOx0_kneWVDCn2TXI5hTdBvZB0YIQ24SGlNUq4m6JqXTfEsvqvc2TtVMI','대전광역시 서구 흑석동 500-1','서구 흑석동에 위치한 창식이 주말농장입니다.','36.2752997','127.3435253','창식이주말농장'),(172,'https://lh5.googleusercontent.com/proxy/TVwtKmx13x_Uh09B17N3UjZevGNe7156614cbQxZu3w32v0DPfmrxSDMxSSIEJ8HYZX-slAi04U6yTp3F1T2OcSS0W2CxcS12EZxlXkLLHfgBw','대전광역시 유성구 하기동 23-1','유성구 하기동에 위치한 딸기 농장입니다.','36.3900137','127.3420327','하하팜 딸기농장 주말농장'),(173,'https://lh4.googleusercontent.com/proxy/IxlIm4IuCqhaaX6BQE1nNs15K1Ox-NGKP2-Vmbzujxe_dSEOaP3j-g4f7LDlrAa8kfwBWy6JShQPdiJh985BrEYg7BYH831yuuN6nair-Cs','대전광역시 유성구 북유성대로487번길 31','유성구 외삼동에 위치한 엘림 주말농장입니다.','36.4052448','127.3025197','엘림농장 주말농장'),(174,'https://lh4.googleusercontent.com/proxy/TVwtKmx13x_Uh09B17N3UjZevGNe7156614cbQxZu3w32v0DPfmrxSDMxSSIEJ8HYZX-slAi04U6yTp3F1T2OcSS0W2CxcS12EZxlXkLLHfgBw','대전광역시 유성구 금남구즉로1465번길 289','유성구 봉산동에서 운영하는 씨앗들 주말농장입니다.','36.4505733','127.3914530','씨앗들주말농장 주말농장'),(175,'https://lh5.googleusercontent.com/proxy/TVwtKmx13x_Uh09B17N3UjZevGNe7156614cbQxZu3w32v0DPfmrxSDMxSSIEJ8HYZX-slAi04U6yTp3F1T2OcSS0W2CxcS12EZxlXkLLHfgBw','대전광역시 유성구 덕진동 46-2','유성구 덕진동에 위치한 손수레 주말농장입니다.','36.4201778','127.3773106','손수레 주말농장'),(176,'https://lh5.googleusercontent.com/proxy/IxlIm4IuCqhaaX6BQE1nNs15K1Ox-NGKP2-Vmbzujxe_dSEOaP3j-g4f7LDlrAa8kfwBWy6JShQPdiJh985BrEYg7BYH831yuuN6nair-Cs','대전광역시 서구 괴곡동 502','서구 괴곡동에 위치한 갑천 주말농장입니다.','36.2854560','127.3547796','갑천주말농장 주말농장'),(177,'https://lh4.googleusercontent.com/proxy/IxlIm4IuCqhaaX6BQE1nNs15K1Ox-NGKP2-Vmbzujxe_dSEOaP3j-g4f7LDlrAa8kfwBWy6JShQPdiJh985BrEYg7BYH831yuuN6nair-Cs','대전광역시 대덕구 산디로 152','대덕구 장동에 위치한 자운봉농원 주말농장입니다.','36.3998631','127.4378912','자운봉농원 주말농장'),(178,'https://lh5.googleusercontent.com/proxy/TVwtKmx13x_Uh09B17N3UjZevGNe7156614cbQxZu3w32v0DPfmrxSDMxSSIEJ8HYZX-slAi04U6yTp3F1T2OcSS0W2CxcS12EZxlXkLLHfgBw','대전광역시 유성구 하기동 87','유성구 하기동에 위치한 새뜰 주말농장입니다.','36.3883442','127.3358549','새뜰주말농장 주말농장'),(179,'https://lh3.googleusercontent.com/proxy/IxlIm4IuCqhaaX6BQE1nNs15K1Ox-NGKP2-Vmbzujxe_dSEOaP3j-g4f7LDlrAa8kfwBWy6JShQPdiJh985BrEYg7BYH831yuuN6nair-Cs','대전광역시 유성구 하기동 237','유성구 하기동에 위치한 하기나름 주말농장입니다.','36.3892087','127.3332607','하기나름주말농장 주말농장'),(180,'https://lh3.googleusercontent.com/proxy/TVwtKmx13x_Uh09B17N3UjZevGNe7156614cbQxZu3w32v0DPfmrxSDMxSSIEJ8HYZX-slAi04U6yTp3F1T2OcSS0W2CxcS12EZxlXkLLHfgBw','대전광역시 중구 산서로 387','대전광역시 중구 목달동에 위치한 서대전광역시농협 주말농장입니다.','36.2716627','127.4012843','서대전광역시농협주말농장 주말농장'),(181,'https://lh4.googleusercontent.com/proxy/p2Z0qS2lrNQ3jAz2tAfSxCQE2CrnTO-wyGADaC8OHf5CBVor9YB9VjPOx0_kneWVDCn2TXI5hTdBvZB0YIQ24SGlNUq4m6JqXTfEsvqvc2TtVMI','대전광역시 동구 동부로33번길 46-82','동구 판암동에 위치한 해피팜 주말농장입니다.','36.3211347','127.4556617','해피팜 주말농장'),(182,'https://lh5.googleusercontent.com/proxy/IxlIm4IuCqhaaX6BQE1nNs15K1Ox-NGKP2-Vmbzujxe_dSEOaP3j-g4f7LDlrAa8kfwBWy6JShQPdiJh985BrEYg7BYH831yuuN6nair-Cs','대전광역시 유성구 계백로149번길 196','유성구 계백로에 위치한 선창 주말농장입니다.','36.2814953','127.2648270','선창농장 주말농장'),(183,'https://lh3.googleusercontent.com/proxy/TVwtKmx13x_Uh09B17N3UjZevGNe7156614cbQxZu3w32v0DPfmrxSDMxSSIEJ8HYZX-slAi04U6yTp3F1T2OcSS0W2CxcS12EZxlXkLLHfgBw','대전광역시 유성구 용산동 450-2','유성구 용산동에 위치한 테크노 주말농장입니다.','36.4122476','127.3900303','테크노주말농장 주말농장'),(184,'https://lh4.googleusercontent.com/proxy/p2Z0qS2lrNQ3jAz2tAfSxCQE2CrnTO-wyGADaC8OHf5CBVor9YB9VjPOx0_kneWVDCn2TXI5hTdBvZB0YIQ24SGlNUq4m6JqXTfEsvqvc2TtVMI','대전광역시 유성구 유성대로 1369','유성대로 방현동에 위치한 적오산 주말농장입니다.','36.4095100','127.3669558','적오산 주말농장 주말농장'),(185,'https://lh5.googleusercontent.com/proxy/IxlIm4IuCqhaaX6BQE1nNs15K1Ox-NGKP2-Vmbzujxe_dSEOaP3j-g4f7LDlrAa8kfwBWy6JShQPdiJh985BrEYg7BYH831yuuN6nair-Cs','대전광역시 서구 괴곡1길 132','서구 괴곡동에 위치한 치유정원 주말농장입니다.','36.2858234','127.3548845','대전광역시느티골치유정원 주말농장'),(186,'https://lh3.googleusercontent.com/proxy/p2Z0qS2lrNQ3jAz2tAfSxCQE2CrnTO-wyGADaC8OHf5CBVor9YB9VjPOx0_kneWVDCn2TXI5hTdBvZB0YIQ24SGlNUq4m6JqXTfEsvqvc2TtVMI','대전광역시 유성구 지족동 400','유성구 지족동에 위치한 노은 주말농장입니다.','36.3743255','127.3145869','노은주말농장 주말농장'),(187,'https://lh5.googleusercontent.com/proxy/TVwtKmx13x_Uh09B17N3UjZevGNe7156614cbQxZu3w32v0DPfmrxSDMxSSIEJ8HYZX-slAi04U6yTp3F1T2OcSS0W2CxcS12EZxlXkLLHfgBw','대전광역시 유성구 학하남로 127','유성구 학하동에 위치한 귀소원 주말농장입니다.','36.3358209','127.3114569','귀소원 주말농장'),(188,'https://lh4.googleusercontent.com/proxy/IxlIm4IuCqhaaX6BQE1nNs15K1Ox-NGKP2-Vmbzujxe_dSEOaP3j-g4f7LDlrAa8kfwBWy6JShQPdiJh985BrEYg7BYH831yuuN6nair-Cs','대전광역시 중구 남달미로95번길 26-31','중구 남달미로에 위치한 바다별 주말농장입니다.','36.2653721','127.4114807','바다별주말농장 주말농장'),(189,'https://lh5.googleusercontent.com/proxy/IxlIm4IuCqhaaX6BQE1nNs15K1Ox-NGKP2-Vmbzujxe_dSEOaP3j-g4f7LDlrAa8kfwBWy6JShQPdiJh985BrEYg7BYH831yuuN6nair-Cs','울산광역시 울주군 청량읍 율리중마을길 55','울주군 청량읍에 위치한 청송자연농원 주말농장입니다.','35.5156180','129.2251476','청송자연농원 주말농장'),(190,'https://lh4.googleusercontent.com/proxy/TVwtKmx13x_Uh09B17N3UjZevGNe7156614cbQxZu3w32v0DPfmrxSDMxSSIEJ8HYZX-slAi04U6yTp3F1T2OcSS0W2CxcS12EZxlXkLLHfgBw','울산광역시 북구 중보길 24','북구 중산동에 위치한 나리팜 주말농장입니다.','35.6585053','129.3365921','나리팜 주말농장'),(191,'https://lh5.googleusercontent.com/proxy/p2Z0qS2lrNQ3jAz2tAfSxCQE2CrnTO-wyGADaC8OHf5CBVor9YB9VjPOx0_kneWVDCn2TXI5hTdBvZB0YIQ24SGlNUq4m6JqXTfEsvqvc2TtVMI','울산광역시 중구 성안동 685','중구 성안동에 위치한 관경 주말농장입니다.','35.5938361','129.3174690','관경농장 주말농장'),(192,'https://lh4.googleusercontent.com/proxy/TVwtKmx13x_Uh09B17N3UjZevGNe7156614cbQxZu3w32v0DPfmrxSDMxSSIEJ8HYZX-slAi04U6yTp3F1T2OcSS0W2CxcS12EZxlXkLLHfgBw','울산광역시 중구 성안동 1083','성안동에서 운영되는 돌콩 주말농장입니다.','35.5939640','129.2996872','돌콩주말농장 주말농장'),(193,'https://lh5.googleusercontent.com/proxy/IxlIm4IuCqhaaX6BQE1nNs15K1Ox-NGKP2-Vmbzujxe_dSEOaP3j-g4f7LDlrAa8kfwBWy6JShQPdiJh985BrEYg7BYH831yuuN6nair-Cs','울산광역시 북구 화봉동 1162-25','북구 화봉동에 위치한 벗꽃엔딩 주말농장입니다.','35.5803480','129.3513349','벗꽃엔딩 주말농장 주말농장'),(194,'https://lh4.googleusercontent.com/proxy/TVwtKmx13x_Uh09B17N3UjZevGNe7156614cbQxZu3w32v0DPfmrxSDMxSSIEJ8HYZX-slAi04U6yTp3F1T2OcSS0W2CxcS12EZxlXkLLHfgBw','울산광역시 남구 옥동 490','남구 옥동에 위치한 도시농장 주말농장입니다.','35.5255954','129.2739278','도시농장 주말농장'),(195,'https://lh5.googleusercontent.com/proxy/IxlIm4IuCqhaaX6BQE1nNs15K1Ox-NGKP2-Vmbzujxe_dSEOaP3j-g4f7LDlrAa8kfwBWy6JShQPdiJh985BrEYg7BYH831yuuN6nair-Cs','울산광역시 울주군 서생면 명산리 717-2','울주군 서생면 명산리에 위치한 구동농장 주말농장입니다.','35.3403480','129.2992371','구동농장 주말농장'),(196,'https://lh4.googleusercontent.com/proxy/TVwtKmx13x_Uh09B17N3UjZevGNe7156614cbQxZu3w32v0DPfmrxSDMxSSIEJ8HYZX-slAi04U6yTp3F1T2OcSS0W2CxcS12EZxlXkLLHfgBw','울산광역시 남구 신정동 977-2','남구 신정동에 위치한 도시농장 주말농장입니다.','35.5180905','129.3030156','도시농장 주말농장'),(197,'https://lh4.googleusercontent.com/proxy/p2Z0qS2lrNQ3jAz2tAfSxCQE2CrnTO-wyGADaC8OHf5CBVor9YB9VjPOx0_kneWVDCn2TXI5hTdBvZB0YIQ24SGlNUq4m6JqXTfEsvqvc2TtVMI','울산광역시 울주군 온산읍 덕신리 1191','울주군 온산읍에 위치한 송림 주말농장입니다.','35.4344770','129.3172729','송림농장 주말농장'),(198,'https://lh5.googleusercontent.com/proxy/TVwtKmx13x_Uh09B17N3UjZevGNe7156614cbQxZu3w32v0DPfmrxSDMxSSIEJ8HYZX-slAi04U6yTp3F1T2OcSS0W2CxcS12EZxlXkLLHfgBw','울산광역시 북구 구남2길 21','북구 신현동에서 운영되는 강동숲체험 주말농장입니다.','35.5909327','129.4309453','강동숲체험이야기 주말농장'),(199,'https://lh4.googleusercontent.com/proxy/p2Z0qS2lrNQ3jAz2tAfSxCQE2CrnTO-wyGADaC8OHf5CBVor9YB9VjPOx0_kneWVDCn2TXI5hTdBvZB0YIQ24SGlNUq4m6JqXTfEsvqvc2TtVMI','울산광역시 울주군 범서읍 입암리 16-4','울주군 범서읍에 위치한 주말농원소풍입니다.','35.5817280','129.2336017','주말농원소풍 주말농장'),(200,'https://lh5.googleusercontent.com/proxy/TVwtKmx13x_Uh09B17N3UjZevGNe7156614cbQxZu3w32v0DPfmrxSDMxSSIEJ8HYZX-slAi04U6yTp3F1T2OcSS0W2CxcS12EZxlXkLLHfgBw','울산광역시 울주군 웅촌면 연답1길 10-4','울주군 웅촌면에 위치한 현대차3공장 주말농장입니다.','35.4425272','129.1668054','현대차3공장주말농장 주말농장'),(201,'https://lh4.googleusercontent.com/proxy/p2Z0qS2lrNQ3jAz2tAfSxCQE2CrnTO-wyGADaC8OHf5CBVor9YB9VjPOx0_kneWVDCn2TXI5hTdBvZB0YIQ24SGlNUq4m6JqXTfEsvqvc2TtVMI','울산광역시 북구 창좌길 85','북구 시례동에 위치한 성원 주말농장입니다.','35.6046846','129.3461231','성원농장 주말농장'),(202,'https://lh5.googleusercontent.com/proxy/IxlIm4IuCqhaaX6BQE1nNs15K1Ox-NGKP2-Vmbzujxe_dSEOaP3j-g4f7LDlrAa8kfwBWy6JShQPdiJh985BrEYg7BYH831yuuN6nair-Cs','세종특별자치시 연서면 너먼들길 93-23','연서면에 위치한 행복한딸기농장 주말농장입니다.','36.5618475','127.2935107','행복한딸기농장 주말농장'),(203,'https://lh4.googleusercontent.com/proxy/TVwtKmx13x_Uh09B17N3UjZevGNe7156614cbQxZu3w32v0DPfmrxSDMxSSIEJ8HYZX-slAi04U6yTp3F1T2OcSS0W2CxcS12EZxlXkLLHfgBw','세종특별자치시 연서면 쌍류리 243','세종특별자치시 연서면에 위치한 산림텃밭 주말농장입니다.','36.5987864','127.2162468','산림텃밭 주말농장'),(204,'https://lh4.googleusercontent.com/proxy/p2Z0qS2lrNQ3jAz2tAfSxCQE2CrnTO-wyGADaC8OHf5CBVor9YB9VjPOx0_kneWVDCn2TXI5hTdBvZB0YIQ24SGlNUq4m6JqXTfEsvqvc2TtVMI','세종특별자치시 조치원읍 봉산윗말2길 18-68','조치원읍 봉산리에 위치한 오봉산 주말농장입니다.','36.6146355','127.2655789','오봉산주말농장 주말농장'),(205,'https://lh4.googleusercontent.com/proxy/TVwtKmx13x_Uh09B17N3UjZevGNe7156614cbQxZu3w32v0DPfmrxSDMxSSIEJ8HYZX-slAi04U6yTp3F1T2OcSS0W2CxcS12EZxlXkLLHfgBw','세종특별자치시 연기면 수산리 366','연기면 수산리에 위치한 산우 주말농장입니다.','36.5479292','127.2293790','산우주말농장 주말농장'),(206,'https://lh5.googleusercontent.com/proxy/IxlIm4IuCqhaaX6BQE1nNs15K1Ox-NGKP2-Vmbzujxe_dSEOaP3j-g4f7LDlrAa8kfwBWy6JShQPdiJh985BrEYg7BYH831yuuN6nair-Cs','세종특별자치시 전동면 상석곡길 79-23','전동면 석곡리에 위치한 한수 농원 주말농장입니다.','36.6576474','127.2525181','한수농원 주말농장'),(207,'https://lh4.googleusercontent.com/proxy/TVwtKmx13x_Uh09B17N3UjZevGNe7156614cbQxZu3w32v0DPfmrxSDMxSSIEJ8HYZX-slAi04U6yTp3F1T2OcSS0W2CxcS12EZxlXkLLHfgBw','세종특별자치시 전의면 양달말길 17','전의면 신정리에 위치한 양달말 주말농장입니다.','36.6945912','127.2220326','양달말농장 주말농장'),(208,'https://lh4.googleusercontent.com/proxy/p2Z0qS2lrNQ3jAz2tAfSxCQE2CrnTO-wyGADaC8OHf5CBVor9YB9VjPOx0_kneWVDCn2TXI5hTdBvZB0YIQ24SGlNUq4m6JqXTfEsvqvc2TtVMI','세종특별자치시 장군면 용연로 316-11','장군면 용암리에 위치한 행복한 신선농장 주말농장입니다.','36.5504712','127.2163880','행복한신선농장 주말농장'),(209,'https://lh5.googleusercontent.com/proxy/TVwtKmx13x_Uh09B17N3UjZevGNe7156614cbQxZu3w32v0DPfmrxSDMxSSIEJ8HYZX-slAi04U6yTp3F1T2OcSS0W2CxcS12EZxlXkLLHfgBw','경상북도 구미시 도개면 도안로 114-21','도개면에 위치한 수박공동육묘 영농조합 주말농장입니다.','36.3013096','128.3324359','도개수박공동육묘영농조합법인 주말농장'),(210,'https://lh5.googleusercontent.com/proxy/IxlIm4IuCqhaaX6BQE1nNs15K1Ox-NGKP2-Vmbzujxe_dSEOaP3j-g4f7LDlrAa8kfwBWy6JShQPdiJh985BrEYg7BYH831yuuN6nair-Cs','경상북도 구미시 해평면 송곡4길 231','해평면에 위치한 냉산쉼터 주말농장입니다.','36.2440482','128.3820978','냉산쉼터 주말농장'),(211,'https://lh5.googleusercontent.com/proxy/p2Z0qS2lrNQ3jAz2tAfSxCQE2CrnTO-wyGADaC8OHf5CBVor9YB9VjPOx0_kneWVDCn2TXI5hTdBvZB0YIQ24SGlNUq4m6JqXTfEsvqvc2TtVMI','경상북도 구미시 산동읍 부처방길 57-22','산동읍에 위치한 웰빙 주말농장입니다.','36.1298308','128.4726922','구미천생산 웰빙농장 주말농장'),(212,'https://lh4.googleusercontent.com/proxy/TVwtKmx13x_Uh09B17N3UjZevGNe7156614cbQxZu3w32v0DPfmrxSDMxSSIEJ8HYZX-slAi04U6yTp3F1T2OcSS0W2CxcS12EZxlXkLLHfgBw','경상북도 구미시 고아읍 선산대로 955','고아읍에 위치한 천생농원 주말농장입니다.','36.2083077','128.3306070','천생농원 주말농장'),(213,'https://lh5.googleusercontent.com/proxy/TVwtKmx13x_Uh09B17N3UjZevGNe7156614cbQxZu3w32v0DPfmrxSDMxSSIEJ8HYZX-slAi04U6yTp3F1T2OcSS0W2CxcS12EZxlXkLLHfgBw','경상북도 구미시 해평면 도리사로 252','해평면 송곡리에 위치한 조이농원 주말농장입니다.','36.2355997','128.3939785','조이농원 주말농장'),(214,'https://lh4.googleusercontent.com/proxy/TVwtKmx13x_Uh09B17N3UjZevGNe7156614cbQxZu3w32v0DPfmrxSDMxSSIEJ8HYZX-slAi04U6yTp3F1T2OcSS0W2CxcS12EZxlXkLLHfgBw','경상북도 구미시 지산양호9길 24','구미 지산동에 위치한 구미주말농장입니다.','36.1363967','128.3616621','구미주말농장 주말농장'),(215,'https://lh5.googleusercontent.com/proxy/IxlIm4IuCqhaaX6BQE1nNs15K1Ox-NGKP2-Vmbzujxe_dSEOaP3j-g4f7LDlrAa8kfwBWy6JShQPdiJh985BrEYg7BYH831yuuN6nair-Cs','경상북도 구미시 선산읍 포상리 861','선산읍 포상리에 위치한 우성 주말농장입니다.','36.2347660','128.2453706','우성농장 주말농장'),(216,'https://lh5.googleusercontent.com/proxy/IxlIm4IuCqhaaX6BQE1nNs15K1Ox-NGKP2-Vmbzujxe_dSEOaP3j-g4f7LDlrAa8kfwBWy6JShQPdiJh985BrEYg7BYH831yuuN6nair-Cs','경상북도 구미시 무을면 무수길 235-8','무을면에 위치한 한국기후연구소 주말농장입니다.','36.2808365','128.1911518','한국기후연구소 주말농장'),(217,'https://lh5.googleusercontent.com/proxy/TVwtKmx13x_Uh09B17N3UjZevGNe7156614cbQxZu3w32v0DPfmrxSDMxSSIEJ8HYZX-slAi04U6yTp3F1T2OcSS0W2CxcS12EZxlXkLLHfgBw','경상북도 구미시 천생산길 117','구평동에 위치한 단산농원 주말농장입니다.','36.1025420','128.4519029','단산농원 주말농장'),(218,'https://s3.ap-northeast-2.amazonaws.com/event-localnaeil/FileData/Article/201805/8132de1b-3fcc-462f-8b51-b8b0e9ddc3ca.jpg','경상북도 구미시 산동읍 성수4길 65','성수리 현대정비에서 산길따라~~쭈우쭈욱 올라오세요^^ (현대정비를 왼쪽에두고 굴다리지남^^)','36.1573359','128.4209952','쭌이네, BINIL HAUS'),(219,'https://lh5.googleusercontent.com/proxy/TVwtKmx13x_Uh09B17N3UjZevGNe7156614cbQxZu3w32v0DPfmrxSDMxSSIEJ8HYZX-slAi04U6yTp3F1T2OcSS0W2CxcS12EZxlXkLLHfgBw','경상북도 구미시 지산양호9길 10','최원석, 배성연 부부가  땀으로 정직하게 농사짓고 있는  딸기, 토마토 농장 베리마토 입니다.   판매상품 당일 수확한 딸기 딸기 체험 주말 가족체험','36.1358311','128.3632623','베리마토 딸기농장'),(220,'https://lh4.googleusercontent.com/proxy/p2Z0qS2lrNQ3jAz2tAfSxCQE2CrnTO-wyGADaC8OHf5CBVor9YB9VjPOx0_kneWVDCn2TXI5hTdBvZB0YIQ24SGlNUq4m6JqXTfEsvqvc2TtVMI','경상북도 구미시 고아읍 외예리 406-1','수다사길에 위치한 소편한 농장입니다','36.1837223','128.2764442','소편한농장'),(221,'https://dnvefa72aowie.cloudfront.net/business-profile/bizPlatform/profile/20035985/1646351788165/ee646eca543e8413ca6b625263159ee556826c2b28dba9d27ede130d42497c71.jpeg?q=95&s=1440x1440&t=inside','경상북도 구미시 무을면 수다사길 96','키즈 체험 농장입니다 농자니아 체험 운영 중입니다','36.2762526','128.1654738','농부의정원');
/*!40000 ALTER TABLE `weekend_farm` ENABLE KEYS */;
UNLOCK TABLES;

--
-- Dumping routines for database 'farmer'
--
/*!40103 SET TIME_ZONE=@OLD_TIME_ZONE */;

/*!40101 SET SQL_MODE=@OLD_SQL_MODE */;
/*!40014 SET FOREIGN_KEY_CHECKS=@OLD_FOREIGN_KEY_CHECKS */;
/*!40014 SET UNIQUE_CHECKS=@OLD_UNIQUE_CHECKS */;
/*!40101 SET CHARACTER_SET_CLIENT=@OLD_CHARACTER_SET_CLIENT */;
/*!40101 SET CHARACTER_SET_RESULTS=@OLD_CHARACTER_SET_RESULTS */;
/*!40101 SET COLLATION_CONNECTION=@OLD_COLLATION_CONNECTION */;
/*!40111 SET SQL_NOTES=@OLD_SQL_NOTES */;

-- Dump completed on 2024-10-11 13:36:51
